"Horodateur","Dans quelle catégorie socio-professionnelle vous situez-vous ?","Quel est votre sexe ?","Quel est votre date de naissance ?","Avez-vous des enfants ?","Avez-vous le permis de conduire ?","Où habitez-vous ?","Quel est votre niveau d’étude ?","À quelle fréquence utilisez-vous les VTC ? (Uber, Taxi...)","Quelle image avez-vous de votre voiture ?","Instinctivement, êtes-vous plutôt pour ou contre les voitures autonomes ?","Savez-vous ce que c’est que l’intelligence artificielle (I.A.) ?","Êtes-vous prêts à faire confiance à la technologie pour vous assister dans votre conduite ou vous transporter ?","Veuillez répondre « Un peu » à cette question.","Selon vous, les voitures autonomes devraient-elles avoir une distinction particulière afin de les reconnaître sur le réseau automobile ?","En admettant que sur le réseau routier, il y ait 6 accidents mortels par milliard de Km parcourus. Pour que vous acceptiez que les voitures autonomes soient légalisées, il faudrait que ce chiffre soit :","Admettons qu'une société X sorte son nouveau véhicule autonome, réputé plus fiable que l'être humain. Vous ferez parti des premiers utilisateurs de cette voiture, monteriez vous dedans ?","Une fois dans une voiture autonome, que ferez-vous ?","Seriez-vous prêt à partager ce type de voiture avec des inconnus lors de vos trajets ? (Comme dans les transports en commun)","Google a pour objectif de ne pas mettre de volant, ni de pédale dans ces voitures. Juste un bouton d’arrêt d’urgence. Êtes-vous d'accord avec cela ?","Classer de 1 à 7 (1 = secondaire, 7 = prioritaire, ), vos attentes pour le véhicule de demain ? (Tous types de voitures) [La sécurité]","Classer de 1 à 7 (1 = secondaire, 7 = prioritaire, ), vos attentes pour le véhicule de demain ? (Tous types de voitures) [L'impact environnemental]","Classer de 1 à 7 (1 = secondaire, 7 = prioritaire, ), vos attentes pour le véhicule de demain ? (Tous types de voitures) [Le plaisir de conduire]","Classer de 1 à 7 (1 = secondaire, 7 = prioritaire, ), vos attentes pour le véhicule de demain ? (Tous types de voitures) [Le coût]","Classer de 1 à 7 (1 = secondaire, 7 = prioritaire, ), vos attentes pour le véhicule de demain ? (Tous types de voitures) [Une nécessité]","Classer de 1 à 7 (1 = secondaire, 7 = prioritaire, ), vos attentes pour le véhicule de demain ? (Tous types de voitures) [La liberté]","Classer de 1 à 7 (1 = secondaire, 7 = prioritaire, ), vos attentes pour le véhicule de demain ? (Tous types de voitures) [Le statut social]","Considérez-vous que le futur de l'automobile passe par les voitures autonomes ?","Si un jour, le prix des voitures autonomes correspond à votre budget actuel pour vos véhicules et que leurs sûretés a été testées et approuvées , achèteriez-vous une voiture autonome ?","Merci pour le temps que vous avez consacré à cette enquête. Si vous avez des commentaires, des remarques... Vous pouvez les laisser ci-dessous. Si vous avez des questions auxquelles vous voulez avoir une réponse, envoyez-moi plutôt un mail.","",""
"2020/02/27 2:35:08 PM UTC+2","Cadre ou profession intellectuelle supérieure","Masculin","1991-09-23","Non","Oui","En milieu urbain","Bac+5 (Master, écoles d'ingé, écoles d'arts...)","4","Un simple moyen de locomotion","Pour","Oui","Oui","4","Non","100 fois plus sûres qu'un humain moyen","7","3","7","3","7","","","","","","","Oui","Oui","","7","1"
"2020/03/03 3:08:47 PM UTC+2","Etudiant, lycéen","Masculin","1990-07-16","Non","Oui","En milieu périurbain","Bac+5 (Master, écoles d'ingé, écoles d'arts...)","Jamais","Un simple moyen de locomotion","Pour","Oui","Oui","4","Oui","5 fois plus sûres qu'un humain moyen","7","3","6","6","7","","","","","","","Oui","Oui","","5","1"
"2020/03/06 4:58:44 PM UTC+2","Employé","Féminin","1994-01-13","Non","Oui","En milieu urbain","Bac+5 (Master, écoles d'ingé, écoles d'arts...)","Quelques fois par an","Je n'ai pas de voiture","Pour","Je connais mais je ne pratique pas","Oui dans toutes les conditions de circulation","Un peu","Non","5 fois inférieur","2","Vous relaxer (vous reposer ou dormir)","6","2","7","4","4","2","4","5","1","Non","Oui","","",""
"2020/03/09 3:00:54 PM UTC+2","Etudiant, lycéen","Féminin","1997-12-12","Non","Oui","En milieu périurbain","Bac+5 (Master, écoles d'ingé, écoles d'arts...)","Quelques fois par an","Un bien précieux","Pour","Je connais et je pratique","Oui dans toutes les conditions de circulation","Un peu","Oui","5 fois inférieur","6","Vous suivrez la circulation","4","2","7","6","2","4","5","3","1","Non","Peut-être","","",""
"2020/03/09 3:12:50 PM UTC+2","Etudiant, lycéen","Masculin","1996-11-11","Non","Oui","En milieu urbain","Bac+5 (Master, écoles d'ingé, écoles d'arts...)","Quelques fois par an","Un simple moyen de locomotion","Pour","Je connais et je pratique","Oui dans toutes les conditions de circulation","Un peu","Non","Égal","6","Vous distraire (jeux, lecture, discussions, films);Travailler (vos dossiers en cours, vos papiers, vos courriels, vos appels etc.);Vous relaxer (vous reposer ou dormir)","5","5","3","2","5","4","6","1","7","Oui","Oui","","",""
"2020/03/09 3:40:40 PM UTC+2","Cadre ou profession intellectuelle supérieure","Féminin","1996-02-27","Non","Oui","En milieu urbain","Bac+5 (Master, écoles d'ingé, écoles d'arts...)","Quelques fois par mois","Un simple moyen de locomotion","Contre","Je connais et je pratique","Non","Un peu","Oui","2 fois inférieur","4","Vous distraire (jeux, lecture, discussions, films);Vous relaxer (vous reposer ou dormir);Vous suivrez la circulation","6","1","7","7","1","5","6","6","1","Non","Peut-être","","",""
"2020/03/09 3:53:23 PM UTC+2","Profession libérale","Masculin","1982-06-11","Oui","Oui","En milieu urbain","Bac+7 etc (Doctorat, post-doc, thèse)","Quelques fois par mois","Elle reflète qui je suis","Contre","Je connais mais je ne pratique pas","Non","Un peu","Oui","10 fois inférieur","1","j'en descendrai aussitôt. L'humain avant tout. L'électronique a ses limites","1","1","7","7","7","7","7","7","1","Non","Non","Pourquoi mettre la question ""Veuillez répondre « Un peu » à cette question. ""? Quel intérêt ? Quel objectif poursuivi ? 
Un questionnaire doit être clair et logique, avoir du sens. ","",""
"2020/03/09 3:53:56 PM UTC+2","Cadre ou profession intellectuelle supérieure","Masculin","1995-01-11","Non","Oui","En milieu urbain","Bac+5 (Master, écoles d'ingé, écoles d'arts...)","Quelques fois par an","Un objet avec une valeur sentimentale","Pour","Je connais et je pratique","Oui dans toutes les conditions de circulation","Un peu","Oui","2 fois inférieur","4","Vous distraire (jeux, lecture, discussions, films);Travailler (vos dossiers en cours, vos papiers, vos courriels, vos appels etc.);Vous relaxer (vous reposer ou dormir);Vous suivrez la circulation","7","7","7","6","7","5","7","6","1","Oui","Oui","","",""
"2020/03/09 4:07:40 PM UTC+2","Cadre ou profession intellectuelle supérieure","Masculin","1996-06-27","Non","Oui","En milieu urbain","Bac+5 (Master, écoles d'ingé, écoles d'arts...)","Jamais","Un simple moyen de locomotion","Pour","Je connais mais je ne pratique pas","Oui dans toutes les conditions de circulation","Un peu","Non","Égal","6","Vous distraire (jeux, lecture, discussions, films);Travailler (vos dossiers en cours, vos papiers, vos courriels, vos appels etc.);Vous relaxer (vous reposer ou dormir);Vous suivrez la circulation","7","5","7","5","1","5","4","5","1","Oui","Peut-être","","",""
"2020/03/09 4:29:42 PM UTC+2","Cadre ou profession intellectuelle supérieure","Féminin","1989-02-16","Non","Oui","En milieu urbain","Bac+5 (Master, écoles d'ingé, écoles d'arts...)","Quelques fois par an","Un objet avec une valeur sentimentale","Pour","Je connais et je pratique","Oui dans toutes les conditions de circulation","Un peu","Non","2 fois inférieur","7","Vous distraire (jeux, lecture, discussions, films);Vous suivrez la circulation","4","4","7","7","5","7","4","1","1","Oui","Oui","","",""
"2020/03/09 5:02:39 PM UTC+2","Cadre ou profession intellectuelle supérieure","Masculin","1994-09-17","Oui","Oui","En milieu périurbain","Bac+5 (Master, écoles d'ingé, écoles d'arts...)","Quelques fois par an","Elle reflète qui je suis","Contre","Je connais et je pratique","Oui mais dans certaines conditions (parking, embouteillages)","Un peu","Oui","10 fois inférieur","1","Vous suivrez la circulation","1","1","7","4","7","7","5","5","5","Non","Non","","",""
"2020/03/09 5:47:50 PM UTC+2","Cadre ou profession intellectuelle supérieure","Féminin","1996-02-19","Non","Oui","En campagne","Bac+5 (Master, écoles d'ingé, écoles d'arts...)","Quelques fois par an","Un simple moyen de locomotion","Pour","Je connais et je pratique","Oui dans toutes les conditions de circulation","Un peu","Non","2 fois inférieur","5","Vous suivrez la circulation","6","2","7","7","7","7","7","7","4","Oui","Oui","","",""
"2020/03/09 6:34:50 PM UTC+2","Cadre ou profession intellectuelle supérieure","Masculin","1996-03-03","Non","Oui","En milieu urbain","Bac+5 (Master, écoles d'ingé, écoles d'arts...)","Quelques fois par an","Un bien précieux","Pour","Je connais et je pratique","Oui dans toutes les conditions de circulation","Tout le temps","Non","Égal","6","Vous distraire (jeux, lecture, discussions, films);Travailler (vos dossiers en cours, vos papiers, vos courriels, vos appels etc.);Vous relaxer (vous reposer ou dormir);Vous suivrez la circulation","2","2","7","5","4","6","3","2","1","Oui","Oui","","",""
"2020/03/09 6:44:05 PM UTC+2","Cadre ou profession intellectuelle supérieure","Masculin","1992-08-03","Non","Oui","En milieu urbain","Bac+5 (Master, écoles d'ingé, écoles d'arts...)","Quelques fois par mois","Je n'ai pas de voiture","Pour","Je connais mais je ne pratique pas","Oui dans toutes les conditions de circulation","Un peu","Non","2 fois inférieur","3","Attentif au départ puis distraction une fois la confiance instaurée","7","1","3","3","2","2","1","2","1","Oui","Peut-être","","",""
"2020/03/09 6:46:53 PM UTC+2","Cadre ou profession intellectuelle supérieure","Masculin","1992-11-21","Non","Oui","En milieu urbain","Bac+5 (Master, écoles d'ingé, écoles d'arts...)","Quelques fois par an","Un simple moyen de locomotion","Pour","Je connais et je pratique","Oui dans toutes les conditions de circulation","Un peu","Non","Égal","7","Vous distraire (jeux, lecture, discussions, films);Travailler (vos dossiers en cours, vos papiers, vos courriels, vos appels etc.);Vous relaxer (vous reposer ou dormir)","7","7","7","7","1","4","1","7","1","Oui","Oui","","",""
"2020/03/09 6:48:04 PM UTC+2","Cadre ou profession intellectuelle supérieure","Masculin","1994-10-07","Non","Oui","En milieu urbain","Bac+5 (Master, écoles d'ingé, écoles d'arts...)","Quelques fois par an","Un simple moyen de locomotion","Pour","Je connais mais je ne pratique pas","Oui mais dans certaines conditions (parking, embouteillages)","Un peu","Non","Égal","7","Travailler (vos dossiers en cours, vos papiers, vos courriels, vos appels etc.);Vous suivrez la circulation","3","3","1","4","7","3","7","7","7","Non","Oui","","",""
"2020/03/09 6:51:07 PM UTC+2","Employé","Masculin","1992-12-16","Non","Oui","En milieu urbain","Bac+5 (Master, écoles d'ingé, écoles d'arts...)","Quelques fois par mois","Un simple moyen de locomotion","Pour","Je connais mais je ne pratique pas","Oui mais dans certaines conditions (parking, embouteillages)","Un peu","Non","Égal","3","Vous suivrez la circulation","6","5","7","5","4","7","3","4","1","Non","Oui","","",""
"2020/03/09 6:52:46 PM UTC+2","Employé","Féminin","1995-12-05","Non","Oui","En milieu urbain","Bac+3/4 (Licence, Maîtrise)","Jamais","Un bien précieux","Contre","Je connais mais je ne pratique pas","Oui mais dans certaines conditions (parking, embouteillages)","Un peu","Oui","2 fois inférieur","3","Vous suivrez la circulation","2","1","6","7","1","5","4","3","2","Oui","Peut-être","","",""
"2020/03/09 6:52:58 PM UTC+2","Cadre ou profession intellectuelle supérieure","Féminin","1994-09-18","Non","Non","En milieu urbain","Bac+5 (Master, écoles d'ingé, écoles d'arts...)","Quelques fois par an","Je n'ai pas de voiture","Contre","Je connais mais je ne pratique pas","Oui mais dans certaines conditions (parking, embouteillages)","Un peu","Oui","5 fois inférieur","3","Je ne sais pas","5","3","7","7","2","6","5","4","1","Oui","Peut-être","","",""
"2020/03/09 6:55:05 PM UTC+2","Autres","Masculin","1992-07-01","Non","Oui","En milieu périurbain","Bac (général, pro et technologique)","Quelques fois par an","Un simple moyen de locomotion","Pour","Je connais mais je ne pratique pas","Oui dans toutes les conditions de circulation","Un peu","Oui","Égal","6","Vous distraire (jeux, lecture, discussions, films);Vous relaxer (vous reposer ou dormir);Vous suivrez la circulation","7","5","7","7","1","7","7","7","1","Oui","Peut-être","","",""
"2020/03/09 7:05:41 PM UTC+2","Employé","Féminin","1997-08-24","Non","Oui","En campagne","Bac+3/4 (Licence, Maîtrise)","Quelques fois par an","Un simple moyen de locomotion","Contre","Je connais mais je ne pratique pas","Oui mais dans certaines conditions (parking, embouteillages)","Un peu","Oui","2 fois inférieur","3","Vous suivrez la circulation","6","1","7","7","6","5","4","1","2","Non","Oui","","",""
"2020/03/09 7:20:55 PM UTC+2","Cadre ou profession intellectuelle supérieure","Masculin","1996-04-11","Non","Oui","En milieu urbain","Bac+5 (Master, écoles d'ingé, écoles d'arts...)","Quelques fois par an","Un simple moyen de locomotion","Contre","Je connais mais je ne pratique pas","Non","Un peu","Oui","10 fois inférieur","1","Vous suivrez la circulation;Prêt à prendre les commandes, utiliser le frein à main","1","1","7","7","7","7","1","7","1","Non","Non","Après la question ""Êtes-vous prêt à faire confiance à.."" j'ai eu ""Veuillez répondre""Un peu"" à cette question"" -> à quoi sert cette question ? Oubli ? Ou manipulation du questionnaire ?

Il est possible de dire qu'on est contre la voiture autonome mais également obligatoire de lui faire confiance (question ""En admettant que sur le réseau routier ..."")","",""
"2020/03/09 7:36:42 PM UTC+2","Etudiant, lycéen","Masculin","2001-02-08","Non","Oui","En milieu urbain","Bac (général, pro et technologique)","Jamais","Un objet avec une valeur sentimentale","Contre","Je connais mais je ne pratique pas","Oui mais dans certaines conditions (parking, embouteillages)","Un peu","Oui","2 fois inférieur","2","Vous suivrez la circulation","3","1","7","5","7","2","1","1","2","Oui","Non","","",""
"2020/03/09 7:46:23 PM UTC+2","Cadre ou profession intellectuelle supérieure","Féminin","1996-01-31","Non","Oui","En milieu urbain","Bac+5 (Master, écoles d'ingé, écoles d'arts...)","Jamais","Un simple moyen de locomotion","Pour","Je connais mais je ne pratique pas","Oui mais dans certaines conditions (parking, embouteillages)","Un peu","Non","Égal","5","Vous distraire (jeux, lecture, discussions, films);Vous suivrez la circulation","2","3","7","6","6","7","3","1","1","Oui","Oui","","",""
"2020/03/09 7:48:04 PM UTC+2","Etudiant, lycéen","Féminin","2005-02-07","Non","Non","En milieu périurbain","Brevet des collèges","Jamais","Je n'ai pas de voiture","Contre","Je connais mais je ne pratique pas","Oui mais dans certaines conditions (parking, embouteillages)","Un peu","Non","2 fois inférieur","4","Vous suivrez la circulation","7","2","7","7","3","3","2","4","1","Non","Peut-être","","",""
"2020/03/09 7:58:10 PM UTC+2","Etudiant, lycéen","Masculin","1995-06-27","Non","Oui","En milieu urbain","Bac+3/4 (Licence, Maîtrise)","Quelques fois par an","Un simple moyen de locomotion","Contre","Je connais mais je ne pratique pas","Oui mais dans certaines conditions (parking, embouteillages)","Jamais","Oui","Égal","7","Vous suivrez la circulation","7","2","7","6","1","5","4","3","2","Non","Oui","","",""
"2020/03/09 8:04:15 PM UTC+2","Profession intermédiaire","Féminin","1970-12-13","Oui","Oui","En campagne","Brevet des collèges","Jamais","Un simple moyen de locomotion","Pour","Jamais entendu parler","Oui mais dans certaines conditions (parking, embouteillages)","Un peu","Oui","Légèrement supérieur","7","Vous suivrez la circulation","4","1","2","2","1","2","2","2","1","Oui","Oui","","",""
"2020/03/09 8:04:53 PM UTC+2","Etudiant, lycéen","Masculin","1995-07-14","Non","Oui","En milieu urbain","Bac+3/4 (Licence, Maîtrise)","Jamais","Un simple moyen de locomotion","Contre","Je connais mais je ne pratique pas","Oui mais dans certaines conditions (parking, embouteillages)","Un peu","Oui","10 fois inférieur","2","Vous suivrez la circulation","2","1","3","1","5","6","2","4","7","Non","Non","","",""
"2020/03/09 8:08:07 PM UTC+2","Employé","Féminin","1995-11-09","Non","Oui","En milieu urbain","Bac+5 (Master, écoles d'ingé, écoles d'arts...)","Jamais","Un simple moyen de locomotion","Contre","Je connais mais je ne pratique pas","Oui mais dans certaines conditions (parking, embouteillages)","Un peu","Oui","2 fois inférieur","2","Vous distraire (jeux, lecture, discussions, films);Travailler (vos dossiers en cours, vos papiers, vos courriels, vos appels etc.);Vous relaxer (vous reposer ou dormir)","4","5","7","7","5","6","6","7","1","Non","Peut-être","","",""
"2020/03/09 8:20:39 PM UTC+2","Employé","Féminin","1970-04-29","Oui","Oui","En campagne","Bac (général, pro et technologique)","Jamais","Un simple moyen de locomotion","Pour","J'en ai entendu parler, mais je ne sais pas ce que c'est","Oui mais dans certaines conditions (parking, embouteillages)","Un peu","Oui","Égal","4","Vous suivrez la circulation","5","4","7","7","3","7","6","6","1","Oui","Peut-être","","",""
"2020/03/09 9:13:35 PM UTC+2","Cadre ou profession intellectuelle supérieure","Féminin","1972-11-01","Oui","Oui","En campagne","Bac+3/4 (Licence, Maîtrise)","Jamais","Un simple moyen de locomotion","Pour","Je connais mais je ne pratique pas","Oui mais dans certaines conditions (parking, embouteillages)","Un peu","Oui","Égal","5","Je ne sais pas","5","1","3","2","1","3","1","3","1","Non","Peut-être","","",""
"2020/03/09 9:16:01 PM UTC+2","Employé","Féminin","1989-04-22","Non","Oui","En milieu urbain","Bac+2 (BTS ou autre)","Quelques fois par an","Elle reflète qui je suis","Pour","Je connais mais je ne pratique pas","Oui dans toutes les conditions de circulation","Un peu","Oui","Égal","6","Vous distraire (jeux, lecture, discussions, films);Travailler (vos dossiers en cours, vos papiers, vos courriels, vos appels etc.);Vous relaxer (vous reposer ou dormir);Vous suivrez la circulation","3","1","7","7","7","7","5","5","5","Oui","Oui","","",""
"2020/03/09 9:25:02 PM UTC+2","Employé","Masculin","1970-08-16","Oui","Oui","En campagne","CAP/BEP (autres diplômes techniques)","Jamais","Un simple moyen de locomotion","Contre","Je connais mais je ne pratique pas","Non","Un peu","Oui","Égal","1","Je ne sais pas","7","1","7","7","3","7","7","7","1","Non","Peut-être","","",""
"2020/03/09 9:25:48 PM UTC+2","Employé","Féminin","1985-03-20","Oui","Oui","En milieu périurbain","Bac (général, pro et technologique)","Jamais","Elle reflète qui je suis","Contre","Je connais mais je ne pratique pas","Oui mais dans certaines conditions (parking, embouteillages)","Un peu","Oui","5 fois inférieur","5","Vous suivrez la circulation","2","1","7","7","2","6","2","2","1","Non","Peut-être","","",""
"2020/03/09 9:28:44 PM UTC+2","Employé","Féminin","1976-02-19","Oui","Oui","En campagne","Bac (général, pro et technologique)","Jamais","Un simple moyen de locomotion","Pour","J'en ai entendu parler, mais je ne sais pas ce que c'est","Oui dans toutes les conditions de circulation","Un peu","Non","Égal","2","Vous distraire (jeux, lecture, discussions, films);Travailler (vos dossiers en cours, vos papiers, vos courriels, vos appels etc.);Vous relaxer (vous reposer ou dormir)","7","2","7","6","2","5","4","3","1","Non","Peut-être","","",""
"2020/03/09 9:43:37 PM UTC+2","Etudiant, lycéen","Féminin","1996-07-24","Non","Oui","En campagne","Bac+5 (Master, écoles d'ingé, écoles d'arts...)","Quelques fois par an","Un bien précieux","Contre","Je connais mais je ne pratique pas","Non","Un peu","Oui","10 fois inférieur","1","Vous distraire (jeux, lecture, discussions, films);Travailler (vos dossiers en cours, vos papiers, vos courriels, vos appels etc.);Vous suivrez la circulation","3","2","7","4","7","5","5","5","4","Non","Non","","",""
"2020/03/09 9:43:45 PM UTC+2","Profession intermédiaire","Féminin","1995-10-22","Non","Oui","En milieu urbain","Bac+5 (Master, écoles d'ingé, écoles d'arts...)","Quelques fois par an","Un objet avec une valeur sentimentale","Contre","Je connais mais je ne pratique pas","Non","Un peu","Oui","10 fois inférieur","2","Vous suivrez la circulation","2","1","7","6","5","5","4","6","3","Non","Non","","",""
"2020/03/09 9:45:15 PM UTC+2","Etudiant, lycéen","Féminin","1998-03-07","Non","Oui","En milieu urbain","Bac+2 (BTS ou autre)","Jamais","Un simple moyen de locomotion","Pour","Je connais mais je ne pratique pas","Oui dans toutes les conditions de circulation","Un peu","Oui","2 fois inférieur","6","Vous suivrez la circulation","6","1","7","7","7","7","7","5","1","Oui","Oui","","",""
"2020/03/09 9:45:39 PM UTC+2","Autres","Féminin","1994-06-28","Non","Oui","En campagne","Bac+2 (BTS ou autre)","Jamais","Un simple moyen de locomotion","Contre","Je connais et je pratique","Non","Un peu","Oui","2 fois inférieur","3","Vous suivrez la circulation","1","1","7","7","3","5","1","1","1","Non","Non","","",""
"2020/03/09 9:52:34 PM UTC+2","Employé","Féminin","1984-04-24","Oui","Oui","En milieu urbain","Bac+3/4 (Licence, Maîtrise)","Jamais","Un simple moyen de locomotion","Pour","Je connais mais je ne pratique pas","Oui mais dans certaines conditions (parking, embouteillages)","Un peu","Non","2 fois inférieur","5","Vous relaxer (vous reposer ou dormir);Vous suivrez la circulation","4","2","7","7","4","7","5","7","1","Oui","Oui","","",""
"2020/03/09 9:52:51 PM UTC+2","Etudiant, lycéen","Féminin","1997-04-19","Non","Oui","En milieu urbain","Bac+5 (Master, écoles d'ingé, écoles d'arts...)","Quelques fois par mois","Un simple moyen de locomotion","Pour","Je connais mais je ne pratique pas","Oui dans toutes les conditions de circulation","Un peu","Oui","Égal","6","Vous relaxer (vous reposer ou dormir);Vous suivrez la circulation","6","7","7","6","1","5","4","3","2","Oui","Peut-être","","",""
"2020/03/09 9:56:52 PM UTC+2","Etudiant, lycéen","Masculin","1999-09-18","Non","Oui","En milieu périurbain","Bac+3/4 (Licence, Maîtrise)","Jamais","Un simple moyen de locomotion","Pour","Je connais mais je ne pratique pas","Oui mais dans certaines conditions (parking, embouteillages)","Un peu","Oui","Égal","7","D'abord je suis la circulation, ensuite autre chose ","5","6","7","7","3","5","4","4","4","Oui","Oui","La bise de ton cousin 😉","",""
"2020/03/09 10:09:32 PM UTC+2","Chef d’entreprise","Masculin","1994-05-02","Non","Oui","En milieu urbain","Bac+5 (Master, écoles d'ingé, écoles d'arts...)","Quelques fois par an","Un bien précieux","Pour","Je connais mais je ne pratique pas","Oui mais dans certaines conditions (parking, embouteillages)","Un peu","Oui","2 fois inférieur","5","Vous distraire (jeux, lecture, discussions, films);Travailler (vos dossiers en cours, vos papiers, vos courriels, vos appels etc.);Vous suivrez la circulation","3","3","5","6","4","5","7","6","1","Oui","Oui","","",""
"2020/03/09 10:23:49 PM UTC+2","Cadre ou profession intellectuelle supérieure","Masculin","1994-01-01","Non","Oui","En milieu urbain","Bac+5 (Master, écoles d'ingé, écoles d'arts...)","Quelques fois par mois","Un simple moyen de locomotion","Contre","Je connais mais je ne pratique pas","Oui mais dans certaines conditions (parking, embouteillages)","Un peu","Oui","10 fois inférieur","2","Vous distraire (jeux, lecture, discussions, films);Vous suivrez la circulation","5","1","7","6","4","5","3","2","1","Non","Non","","",""
"2020/03/09 10:27:29 PM UTC+2","Etudiant, lycéen","Masculin","1998-10-02","Non","Non","En milieu urbain","Bac+3/4 (Licence, Maîtrise)","Quelques fois par an","Je n'ai pas de voiture","Contre","Je connais mais je ne pratique pas","Oui dans toutes les conditions de circulation","Un peu","Oui","Égal","7","Travailler (vos dossiers en cours, vos papiers, vos courriels, vos appels etc.);Vous relaxer (vous reposer ou dormir);Je cherche à compenser le coût environnemental d'un vehicule autonome. Je pense au coût des éléments electroniques (minerais rares), a la hausse de la conso de carburant causé par l'alourdissement du vehicule, au cout des infrastructures 5G + l'energie pour faire tourner cette 5G","7","4","7","7","1","7","1","4","3","Non","Peut-être","La question sur l'intelligence artificielle n'est pas très claire. À quoi renvoi, ""je connais et je pratique"" ? Je n'ai jamais programmé d'IA mais en temps qu'utilisateur je pratique l'IA avec des applis, par exemple ""Google reseverse search"". J'utilise donc des programmes basés sur l'IA. Je crois que mettre une expression comme ""je connais et je conçois"" serait moins ambiguë.

Sinon le test est très bien fait et ton sujet d'étude est super intéressant ! Bon courage !! 😘","",""
"2020/03/09 10:32:56 PM UTC+2","Cadre ou profession intellectuelle supérieure","Masculin","1991-02-11","Non","Oui","En milieu urbain","Bac+5 (Master, écoles d'ingé, écoles d'arts...)","Quelques fois par an","Un simple moyen de locomotion","Pour","Je connais mais je ne pratique pas","Oui dans toutes les conditions de circulation","Jamais","Oui","10 fois inférieur","4","Vous distraire (jeux, lecture, discussions, films);Travailler (vos dossiers en cours, vos papiers, vos courriels, vos appels etc.);Vous relaxer (vous reposer ou dormir)","5","1","7","4","3","6","2","5","1","Oui","Oui","","",""
"2020/03/09 10:36:44 PM UTC+2","Etudiant, lycéen","Masculin","1994-03-09","Non","Oui","En milieu urbain","Bac (général, pro et technologique)","Quelques fois par an","Je n'ai pas de voiture","Contre","Je connais mais je ne pratique pas","Non","Un peu","Oui","5 fois inférieur","3","Vous distraire (jeux, lecture, discussions, films);Travailler (vos dossiers en cours, vos papiers, vos courriels, vos appels etc.);Vous relaxer (vous reposer ou dormir)","6","4","4","7","3","7","7","5","1","Non","Non","","",""
"2020/03/09 10:38:28 PM UTC+2","Cadre ou profession intellectuelle supérieure","Féminin","1994-03-30","Non","Oui","En milieu périurbain","Bac+5 (Master, écoles d'ingé, écoles d'arts...)","Quelques fois par an","Un simple moyen de locomotion","Pour","Je connais mais je ne pratique pas","Oui mais dans certaines conditions (parking, embouteillages)","Un peu","Oui","Égal","7","Vous distraire (jeux, lecture, discussions, films);Vous relaxer (vous reposer ou dormir)","6","5","1","1","2","1","2","2","3","Non","Peut-être","","",""
"2020/03/09 10:39:07 PM UTC+2","Profession libérale","Masculin","1991-07-05","Non","Oui","En milieu urbain","Bac+5 (Master, écoles d'ingé, écoles d'arts...)","Quelques fois par an","Un simple moyen de locomotion","Pour","Je connais mais je ne pratique pas","Oui mais dans certaines conditions (parking, embouteillages)","Un peu","Oui","2 fois inférieur","6","Vous distraire (jeux, lecture, discussions, films);Travailler (vos dossiers en cours, vos papiers, vos courriels, vos appels etc.);Vous suivrez la circulation","3","3","7","5","1","4","5","5","1","Oui","Oui","","",""
"2020/03/09 10:46:51 PM UTC+2","Employé","Féminin","1986-06-05","Non","Oui","En milieu périurbain","Bac+2 (BTS ou autre)","Quelques fois par an","Un objet avec une valeur sentimentale","Pour","Je connais mais je ne pratique pas","Oui dans toutes les conditions de circulation","Un peu","Oui","Égal","5","Vous suivrez la circulation","5","2","1","3","4","2","6","5","7","Oui","Oui","","",""
"2020/03/09 11:07:30 PM UTC+2","Employé","Féminin","1998-10-09","Non","Oui","En milieu périurbain","Bac+2 (BTS ou autre)","Jamais","Un simple moyen de locomotion","Contre","Je connais mais je ne pratique pas","Non","Un peu","Oui","Égal","2","Vous suivrez la circulation","1","1","7","6","4","6","1","2","1","Oui","Non","","",""
"2020/03/09 11:15:57 PM UTC+2","Cadre ou profession intellectuelle supérieure","Féminin","1992-01-23","Non","Oui","En milieu urbain","Bac+5 (Master, écoles d'ingé, écoles d'arts...)","Quelques fois par an","Un objet avec une valeur sentimentale","Pour","Je connais mais je ne pratique pas","Oui dans toutes les conditions de circulation","Un peu","Oui","10 fois inférieur","6","Je ne sais pas","4","2","7","6","5","6","3","3","1","Oui","Peut-être","As-tu fait des parallèles avec les essais fait actuellement de bus autonomes ? Et avec le métro automatique (acceptation par la population, évolution depuis les années 80, etc. Vive Lille ;) )? ","",""
"2020/03/09 11:22:48 PM UTC+2","Employé","Féminin","1993-10-03","Non","Oui","En campagne","Bac+5 (Master, écoles d'ingé, écoles d'arts...)","Jamais","Un simple moyen de locomotion","Pour","Je connais mais je ne pratique pas","Oui mais dans certaines conditions (parking, embouteillages)","Jamais","Oui","Légèrement supérieur","3","Vous suivrez la circulation","3","1","7","7","3","4","3","3","3","Non","Peut-être","","",""
"2020/03/09 11:41:05 PM UTC+2","Etudiant, lycéen","Féminin","1992-07-15","Non","Oui","En milieu urbain","Bac+3/4 (Licence, Maîtrise)","Quelques fois par an","Un objet avec une valeur sentimentale","Contre","Je connais et je pratique","Non","Un peu","Oui","10 fois inférieur","1","Vous suivrez la circulation","1","1","2","3","3","2","2","3","1","Non","Non","","",""
"2020/03/10 12:05:26 AM UTC+2","Demandeur d’emploi","Féminin","1992-10-24","Non","Oui","En campagne","Bac (général, pro et technologique)","Jamais","Un simple moyen de locomotion","Contre","Je connais mais je ne pratique pas","Non","Un peu","Non","10 fois inférieur","1","Je n’en utiliserai pas.","4","1","7","4","4","7","6","6","1","Non","Non","","",""
"2020/03/10 12:08:24 AM UTC+2","Employé","Féminin","1991-09-16","Oui","Oui","En campagne","CAP/BEP (autres diplômes techniques)","Quelques fois par an","Un bien précieux","Contre","Je connais mais je ne pratique pas","Oui mais dans certaines conditions (parking, embouteillages)","Souvent","Oui","5 fois inférieur","5","Vous suivrez la circulation","3","1","7","4","1","7","4","6","1","Non","Peut-être","","",""
"2020/03/10 12:37:55 AM UTC+2","Retraité","Féminin","1954-02-03","Oui","Oui","En milieu urbain","Bac+3/4 (Licence, Maîtrise)","Quelques fois par an","Un simple moyen de locomotion","Contre","Je connais mais je ne pratique pas","Non","Un peu","Oui","2 fois inférieur","5","Vous suivrez la circulation","3","4","7","6","5","3","2","4","1","Non","Peut-être","","",""
"2020/03/10 12:59:27 AM UTC+2","Etudiant, lycéen","Féminin","1998-08-16","Non","Oui","En milieu urbain","Bac+3/4 (Licence, Maîtrise)","Quelques fois par an","Un bien précieux","Contre","Je connais mais je ne pratique pas","Non","Un peu","Oui","10 fois inférieur","3","Vous suivrez la circulation","4","1","7","6","3","5","4","2","1","Oui","Peut-être","","",""
"2020/03/10 1:15:11 AM UTC+2","Ouvrier","Masculin","1989-07-26","Non","Oui","En milieu urbain","Bac+2 (BTS ou autre)","Quelques fois par an","Un simple moyen de locomotion","Contre","Je connais mais je ne pratique pas","Non","Un peu","Oui","5 fois inférieur","4","Vous suivrez la circulation","5","3","7","3","2","5","6","4","1","Non","Peut-être","","",""
"2020/03/10 1:32:55 AM UTC+2","Etudiant, lycéen","Masculin","1998-11-27","Oui","Non","En milieu urbain","Bac (général, pro et technologique)","Jamais","Je n'ai pas de voiture","Contre","Je connais mais je ne pratique pas","Non","Un peu","Non","Légèrement supérieur","7","Travailler (vos dossiers en cours, vos papiers, vos courriels, vos appels etc.);Je ne sais pas","5","4","6","7","1","1","1","5","1","Non","Non","","",""
"2020/03/10 1:58:06 AM UTC+2","Employé","Masculin","1992-04-16","Non","Non","En milieu urbain","Bac+3/4 (Licence, Maîtrise)","Quelques fois par an","Je n'ai pas de voiture","Contre","Je connais mais je ne pratique pas","Oui mais dans certaines conditions (parking, embouteillages)","Souvent","Oui","Légèrement supérieur","5","Vous suivrez la circulation;Je ne sais pas","3","4","3","3","1","2","3","3","2","Oui","Peut-être","","",""
"2020/03/10 1:58:19 AM UTC+2","Employé","Masculin","1992-04-16","Non","Non","En milieu urbain","Bac+3/4 (Licence, Maîtrise)","Quelques fois par an","Je n'ai pas de voiture","Contre","Je connais mais je ne pratique pas","Oui mais dans certaines conditions (parking, embouteillages)","Souvent","Oui","Légèrement supérieur","5","Vous suivrez la circulation;Je ne sais pas","3","4","3","3","1","2","3","3","2","Oui","Peut-être","","",""
"2020/03/10 7:47:15 AM UTC+2","Cadre ou profession intellectuelle supérieure","Masculin","1975-03-10","Oui","Oui","En milieu périurbain","Bac+5 (Master, écoles d'ingé, écoles d'arts...)","Jamais","Un bien précieux","Pour","Je connais mais je ne pratique pas","Oui mais dans certaines conditions (parking, embouteillages)","Un peu","Non","Égal","4","Vous suivrez la circulation","4","1","7","7","4","5","5","4","2","Oui","Oui","","",""
"2020/03/10 7:49:26 AM UTC+2","Etudiant, lycéen","Féminin","1998-09-28","Non","Oui","En milieu urbain","Bac+3/4 (Licence, Maîtrise)","Jamais","Je n'ai pas de voiture","Contre","Je connais mais je ne pratique pas","Non","Un peu","Oui","Égal","3","Vous suivrez la circulation;Je ne sais pas","5","3","6","7","2","2","1","2","1","Non","Non","","",""
"2020/03/10 8:30:19 AM UTC+2","Etudiant, lycéen","Masculin","1997-04-15","Non","Oui","En milieu urbain","Bac+5 (Master, écoles d'ingé, écoles d'arts...)","Jamais","Un objet avec une valeur sentimentale","Pour","Je connais mais je ne pratique pas","Oui mais dans certaines conditions (parking, embouteillages)","Tout le temps","Oui","Égal","3","Vous suivrez la circulation","2","1","7","7","3","7","3","3","1","Non","Oui","","",""
"2020/03/10 8:34:46 AM UTC+2","Cadre ou profession intellectuelle supérieure","Masculin","1996-07-05","Non","Oui","En milieu urbain","Bac+5 (Master, écoles d'ingé, écoles d'arts...)","Jamais","Un objet avec une valeur sentimentale","Pour","Je connais mais je ne pratique pas","Oui dans toutes les conditions de circulation","Un peu","Oui","Légèrement supérieur","4","Vous distraire (jeux, lecture, discussions, films);Travailler (vos dossiers en cours, vos papiers, vos courriels, vos appels etc.);Vous relaxer (vous reposer ou dormir);Vous suivrez la circulation","1","7","7","6","1","5","4","3","1","Oui","Peut-être","","",""
"2020/03/10 9:14:13 AM UTC+2","Cadre ou profession intellectuelle supérieure","Masculin","1977-11-25","Oui","Oui","En campagne","Bac+5 (Master, écoles d'ingé, écoles d'arts...)","Jamais","Un simple moyen de locomotion","Pour","Je connais mais je ne pratique pas","Oui dans toutes les conditions de circulation","Un peu","Non","2 fois inférieur","6","Vous distraire (jeux, lecture, discussions, films);Travailler (vos dossiers en cours, vos papiers, vos courriels, vos appels etc.);Vous relaxer (vous reposer ou dormir);Vous suivrez la circulation","6","4","7","7","5","5","5","4","2","Oui","Oui","","",""
"2020/03/10 9:21:16 AM UTC+2","Cadre ou profession intellectuelle supérieure","Masculin","1993-01-01","Non","Oui","En campagne","Bac+5 (Master, écoles d'ingé, écoles d'arts...)","Jamais","Un simple moyen de locomotion","Contre","Je connais et je pratique","Oui mais dans certaines conditions (parking, embouteillages)","Un peu","Oui","10 fois inférieur","1","Vous distraire (jeux, lecture, discussions, films);Travailler (vos dossiers en cours, vos papiers, vos courriels, vos appels etc.);Vous relaxer (vous reposer ou dormir);Vous suivrez la circulation","4","2","5","7","3","6","1","4","2","Non","Non","","",""
"2020/03/10 9:25:08 AM UTC+2","Etudiant, lycéen","Féminin","2020-12-18","Non","Non","En milieu urbain","Bac+3/4 (Licence, Maîtrise)","Jamais","Je n'ai pas de voiture","Pour","Je connais mais je ne pratique pas","Oui dans toutes les conditions de circulation","Tout le temps","Oui","Égal","7","Vous distraire (jeux, lecture, discussions, films);Travailler (vos dossiers en cours, vos papiers, vos courriels, vos appels etc.);Vous relaxer (vous reposer ou dormir);Comme dans un train","7","5","7","7","1","5","2","6","1","Non","Oui","","",""
"2020/03/10 9:27:58 AM UTC+2","Etudiant, lycéen","Féminin","1997-07-12","Non","Oui","En milieu périurbain","Bac+5 (Master, écoles d'ingé, écoles d'arts...)","Jamais","Un bien précieux","Pour","Jamais entendu parler","Oui mais dans certaines conditions (parking, embouteillages)","Un peu","Oui","2 fois inférieur","4","Travailler (vos dossiers en cours, vos papiers, vos courriels, vos appels etc.);Vous relaxer (vous reposer ou dormir);Vous suivrez la circulation","5","3","7","5","2","4","1","2","2","Oui","Peut-être","","",""
"2020/03/10 9:41:35 AM UTC+2","Cadre ou profession intellectuelle supérieure","Féminin","1982-01-01","Oui","Oui","En milieu périurbain","Bac+7 etc (Doctorat, post-doc, thèse)","Quelques fois par an","Un simple moyen de locomotion","Pour","Je connais et je pratique","Oui mais dans certaines conditions (parking, embouteillages)","Un peu","Oui","5 fois inférieur","2","Vous distraire (jeux, lecture, discussions, films);Travailler (vos dossiers en cours, vos papiers, vos courriels, vos appels etc.);Vous suivrez la circulation","6","3","7","7","3","6","5","4","1","Oui","Peut-être","Il serait préférable de demander dans quel tranche d'âge nous nous situons plutôt que de demander notre date de naissance (je n'ai d'ailleurs pas mis ma réelle date de naissance) ; je ne comprends pas à quoi sert la question à laquelle il faut répondre ""un peu"" (pour éviter le remplissage du sondage par des bots ?) : ce serait bien de l'expliquer","",""
"2020/03/10 9:42:57 AM UTC+2","Autres","Féminin","1993-02-02","Non","Oui","En campagne","Bac+5 (Master, écoles d'ingé, écoles d'arts...)","Jamais","Un objet avec une valeur sentimentale","Contre","Je connais mais je ne pratique pas","Oui mais dans certaines conditions (parking, embouteillages)","Un peu","Oui","Légèrement supérieur","2","Vous suivrez la circulation","1","1","1","2","6","3","4","5","7","Non","Peut-être","","",""
"2020/03/10 9:43:58 AM UTC+2","Etudiant, lycéen","Féminin","2001-08-30","Non","Oui","En milieu urbain","Bac (général, pro et technologique)","Jamais","Je n'ai pas de voiture","Contre","Je connais mais je ne pratique pas","Oui mais dans certaines conditions (parking, embouteillages)","Un peu","Oui","10 fois inférieur","5","Vous distraire (jeux, lecture, discussions, films);Travailler (vos dossiers en cours, vos papiers, vos courriels, vos appels etc.);Vous relaxer (vous reposer ou dormir);Vous suivrez la circulation","6","4","7","6","1","3","2","5","4","Non","Peut-être","","",""
"2020/03/10 9:45:37 AM UTC+2","Employé","Masculin","1988-08-26","Non","Oui","En milieu urbain","Bac+5 (Master, écoles d'ingé, écoles d'arts...)","Quelques fois par an","Je n'ai pas de voiture","Pour","Je connais mais je ne pratique pas","Oui dans toutes les conditions de circulation","Un peu","Oui","5 fois inférieur","5","Je ne sais pas","5","6","1","4","5","3","2","6","7","Oui","Peut-être","","",""
"2020/03/10 9:48:01 AM UTC+2","Profession intermédiaire","Masculin","2020-03-13","Oui","Oui","En campagne","Bac+2 (BTS ou autre)","Jamais","Un simple moyen de locomotion","Contre","Je connais mais je ne pratique pas","Non","Un peu","Oui","10 fois inférieur","1","J'aurai peur","1","1","1","1","3","1","1","3","3","Non","Non","","",""
"2020/03/10 9:52:14 AM UTC+2","Employé","Féminin","1994-06-18","Non","Oui","En milieu urbain","Bac+3/4 (Licence, Maîtrise)","Quelques fois par an","Un simple moyen de locomotion","Pour","Je connais mais je ne pratique pas","Oui mais dans certaines conditions (parking, embouteillages)","Un peu","Non","2 fois inférieur","6","Vous distraire (jeux, lecture, discussions, films)","4","2","7","6","5","6","4","3","2","Non","Oui","","",""
"2020/03/10 9:57:05 AM UTC+2","Profession libérale","Masculin","1957-02-12","Oui","Oui","En milieu urbain","Bac+2 (BTS ou autre)","Jamais","Un simple moyen de locomotion","Contre","Je connais mais je ne pratique pas","Oui mais dans certaines conditions (parking, embouteillages)","Un peu","Oui","2 fois inférieur","4","Vous suivrez la circulation","4","1","7","5","5","7","2","5","1","Non","Non","","",""
"2020/03/10 10:00:19 AM UTC+2","Cadre ou profession intellectuelle supérieure","Masculin","1966-07-15","Non","Oui","En milieu périurbain","Bac+2 (BTS ou autre)","Quelques fois par an","Un simple moyen de locomotion","Pour","Je connais mais je ne pratique pas","Oui mais dans certaines conditions (parking, embouteillages)","Un peu","Oui","Égal","5","Vous distraire (jeux, lecture, discussions, films);Vous suivrez la circulation","6","2","7","6","2","6","4","4","2","Oui","Peut-être","","",""
"2020/03/10 10:01:27 AM UTC+2","Etudiant, lycéen","Féminin","1997-12-21","Non","Oui","En milieu urbain","Bac+5 (Master, écoles d'ingé, écoles d'arts...)","Quelques fois par an","Un objet avec une valeur sentimentale","Contre","Je connais mais je ne pratique pas","Non","Un peu","Oui","5 fois inférieur","2","Je ne sais pas","4","1","7","7","5","6","4","1","1","Non","Non","","",""
"2020/03/10 10:09:41 AM UTC+2","Etudiant, lycéen","Féminin","2000-05-07","Non","Oui","En milieu périurbain","Bac (général, pro et technologique)","Jamais","Un simple moyen de locomotion","Pour","J'en ai entendu parler, mais je ne sais pas ce que c'est","Oui mais dans certaines conditions (parking, embouteillages)","Un peu","Oui","2 fois inférieur","2","Vous distraire (jeux, lecture, discussions, films);Vous relaxer (vous reposer ou dormir);Vous suivrez la circulation","5","2","7","5","2","6","1","1","3","Oui","Peut-être","","",""
"2020/03/10 10:11:15 AM UTC+2","Cadre ou profession intellectuelle supérieure","Féminin","1982-02-10","Oui","Oui","En campagne","Bac+3/4 (Licence, Maîtrise)","Jamais","Un simple moyen de locomotion","Contre","Je connais mais je ne pratique pas","Oui mais dans certaines conditions (parking, embouteillages)","Jamais","Oui","10 fois inférieur","1","Vous suivrez la circulation","2","3","3","3","1","1","1","1","1","Non","Non","","",""
"2020/03/10 10:17:37 AM UTC+2","Etudiant, lycéen","Masculin","1996-01-16","Non","Oui","En campagne","Bac+5 (Master, écoles d'ingé, écoles d'arts...)","Quelques fois par an","Un simple moyen de locomotion","Pour","Je connais mais je ne pratique pas","Oui dans toutes les conditions de circulation","Un peu","Oui","2 fois inférieur","5","Vous distraire (jeux, lecture, discussions, films);Vous suivrez la circulation","6","4","7","4","2","3","2","3","1","Oui","Oui","Bisous Maxou !","",""
"2020/03/10 10:23:29 AM UTC+2","Etudiant, lycéen","Féminin","1996-10-07","Non","Oui","En milieu urbain","Bac (général, pro et technologique)","Quelques fois par an","Je n'ai pas de voiture","Pour","Je connais mais je ne pratique pas","Oui mais dans certaines conditions (parking, embouteillages)","Un peu","Oui","5 fois inférieur","3","Vous suivrez la circulation","7","1","6","7","4","5","2","3","1","Oui","Peut-être","","",""
"2020/03/10 10:24:59 AM UTC+2","Employé","Masculin","1981-08-13","Non","Oui","En milieu périurbain","Bac+3/4 (Licence, Maîtrise)","Jamais","Un simple moyen de locomotion","Pour","Je connais mais je ne pratique pas","Oui dans toutes les conditions de circulation","Un peu","Non","2 fois inférieur","4","Vous suivrez la circulation","1","1","7","5","4","7","4","4","1","Non","Peut-être","","",""
"2020/03/10 10:37:05 AM UTC+2","Cadre ou profession intellectuelle supérieure","Masculin","1993-01-24","Non","Oui","En milieu urbain","Bac+5 (Master, écoles d'ingé, écoles d'arts...)","Quelques fois par an","Un simple moyen de locomotion","Pour","Je connais mais je ne pratique pas","Oui mais dans certaines conditions (parking, embouteillages)","Un peu","Non","Égal","6","Vous distraire (jeux, lecture, discussions, films);Vous suivrez la circulation;Je ne sais pas","6","2","6","7","2","5","3","4","1","Oui","Peut-être","","",""
"2020/03/10 10:39:15 AM UTC+2","Cadre ou profession intellectuelle supérieure","Masculin","1996-03-05","Non","Oui","En milieu périurbain","Bac+2 (BTS ou autre)","Quelques fois par an","Un simple moyen de locomotion","Pour","Je connais mais je ne pratique pas","Oui mais dans certaines conditions (parking, embouteillages)","Un peu","Oui","10 fois inférieur","4","Vous suivrez la circulation","2","1","7","6","2","5","1","4","3","Oui","Oui","","",""
"2020/03/10 10:39:43 AM UTC+2","Etudiant, lycéen","Féminin","2001-04-12","Non","Non","En milieu urbain","Bac (général, pro et technologique)","Quelques fois par an","Je n'ai pas de voiture","Contre","Je connais mais je ne pratique pas","Oui mais dans certaines conditions (parking, embouteillages)","Un peu","Oui","Égal","4","Vous suivrez la circulation","5","1","7","7","7","7","1","1","1","Oui","Peut-être","","",""
"2020/03/10 10:46:50 AM UTC+2","Etudiant, lycéen","Féminin","1999-08-27","Non","Oui","En campagne","Bac+2 (BTS ou autre)","Jamais","Un simple moyen de locomotion","Pour","Je connais mais je ne pratique pas","Oui mais dans certaines conditions (parking, embouteillages)","Jamais","Oui","5 fois inférieur","7","Vous suivrez la circulation","5","4","7","6","1","5","4","3","2","Oui","Oui","","",""
"2020/03/10 10:47:16 AM UTC+2","Employé","Féminin","1993-04-29","Non","Oui","En milieu périurbain","Bac+5 (Master, écoles d'ingé, écoles d'arts...)","Quelques fois par an","Un objet avec une valeur sentimentale","Pour","Je connais mais je ne pratique pas","Oui mais dans certaines conditions (parking, embouteillages)","Un peu","Oui","Égal","5","Vous suivrez la circulation","6","2","7","7","6","6","5","7","2","Oui","Oui","","",""
"2020/03/10 10:57:46 AM UTC+2","Etudiant, lycéen","Féminin","1998-09-25","Non","Oui","En milieu urbain","Bac+3/4 (Licence, Maîtrise)","Jamais","Un simple moyen de locomotion","Pour","Je connais mais je ne pratique pas","Oui dans toutes les conditions de circulation","Un peu","Oui","2 fois inférieur","1","Vous distraire (jeux, lecture, discussions, films);Vous relaxer (vous reposer ou dormir);Vous suivrez la circulation","3","1","6","7","3","4","5","2","1","Oui","Oui","","",""
"2020/03/10 10:57:54 AM UTC+2","Cadre ou profession intellectuelle supérieure","Masculin","1985-10-16","Non","Oui","En milieu urbain","Bac+5 (Master, écoles d'ingé, écoles d'arts...)","Quelques fois par an","Je n'ai pas de voiture","Pour","Je connais et je pratique","Oui dans toutes les conditions de circulation","Un peu","Oui","10 fois inférieur","6","Vous distraire (jeux, lecture, discussions, films);Vous relaxer (vous reposer ou dormir)","7","7","7","7","3","6","7","7","1","Oui","Oui","","",""
"2020/03/10 11:00:45 AM UTC+2","Employé","Féminin","1978-05-02","Oui","Oui","En milieu urbain","Bac+3/4 (Licence, Maîtrise)","Quelques fois par an","Un simple moyen de locomotion","Pour","Je connais mais je ne pratique pas","Oui mais dans certaines conditions (parking, embouteillages)","Un peu","Oui","2 fois inférieur","4","Vous suivrez la circulation","2","2","7","7","5","7","6","6","2","Oui","Oui","","",""
"2020/03/10 11:05:42 AM UTC+2","Etudiant, lycéen","Masculin","2020-03-03","Non","Oui","En milieu périurbain","Bac+3/4 (Licence, Maîtrise)","Jamais","Un bien précieux","Contre","Je connais mais je ne pratique pas","Oui mais dans certaines conditions (parking, embouteillages)","Jamais","Oui","10 fois inférieur","1","Je ne sais pas","1","1","7","6","2","4","3","5","1","Non","Non","C'est la voiture qui va être autonome, pas nous...","",""
"2020/03/10 11:25:47 AM UTC+2","Etudiant, lycéen","Féminin","1998-08-10","Non","Oui","En milieu périurbain","Bac+5 (Master, écoles d'ingé, écoles d'arts...)","Jamais","Un objet avec une valeur sentimentale","Contre","Je connais et je pratique","Oui mais dans certaines conditions (parking, embouteillages)","Un peu","Oui","2 fois inférieur","1","Vous distraire (jeux, lecture, discussions, films);Travailler (vos dossiers en cours, vos papiers, vos courriels, vos appels etc.);Vous relaxer (vous reposer ou dormir)","3","1","7","6","4","5","4","3","2","Non","Peut-être","","",""
"2020/03/10 11:39:06 AM UTC+2","Employé","Masculin","1960-02-14","Oui","Oui","En milieu périurbain","Bac (général, pro et technologique)","Jamais","Un simple moyen de locomotion","Pour","J'en ai entendu parler, mais je ne sais pas ce que c'est","Oui mais dans certaines conditions (parking, embouteillages)","Un peu","Non","2 fois inférieur","5","Je ne sais pas","5","3","7","6","4","6","3","3","1","Non","Peut-être","","",""
"2020/03/10 11:40:24 AM UTC+2","Autres","Féminin","1966-02-22","Oui","Oui","En campagne","Bac+3/4 (Licence, Maîtrise)","Jamais","Un simple moyen de locomotion","Contre","Je connais mais je ne pratique pas","Oui mais dans certaines conditions (parking, embouteillages)","Un peu","Oui","2 fois inférieur","6","Vous suivrez la circulation","6","5","7","7","2","6","6","5","3","Oui","Peut-être","","",""
"2020/03/10 11:59:04 AM UTC+2","Etudiant, lycéen","Féminin","1998-03-02","Non","Oui","En milieu périurbain","Bac+5 (Master, écoles d'ingé, écoles d'arts...)","Jamais","Un bien précieux","Contre","Je connais mais je ne pratique pas","Non","Un peu","Oui","Légèrement supérieur","2","Vous suivrez la circulation","2","1","6","7","5","6","2","2","2","Non","Peut-être","","",""
"2020/03/10 12:01:35 PM UTC+2","Etudiant, lycéen","Féminin","1998-10-06","Non","Oui","En campagne","Bac+5 (Master, écoles d'ingé, écoles d'arts...)","Jamais","Je n'ai pas de voiture","Contre","Je connais et je pratique","Oui mais dans certaines conditions (parking, embouteillages)","Un peu","Oui","10 fois inférieur","2","Vous relaxer (vous reposer ou dormir);Vous suivrez la circulation;Comme si j'étais un passager d'une voiture non-autonome","2","1","7","7","5","7","5","7","5","Non","Non","","",""
"2020/03/10 12:04:30 PM UTC+2","Cadre ou profession intellectuelle supérieure","Masculin","2020-03-10","Oui","Oui","En milieu périurbain","Bac+7 etc (Doctorat, post-doc, thèse)","Quelques fois par an","Un simple moyen de locomotion","Pour","Je connais mais je ne pratique pas","Oui mais dans certaines conditions (parking, embouteillages)","Un peu","Oui","Égal","5","Travailler (vos dossiers en cours, vos papiers, vos courriels, vos appels etc.);Vous suivrez la circulation","5","1","7","7","4","7","5","6","6","Oui","Oui","","",""
"2020/03/10 12:09:06 PM UTC+2","Etudiant, lycéen","Masculin","2020-01-01","Non","Oui","En milieu urbain","Bac+5 (Master, écoles d'ingé, écoles d'arts...)","Quelques fois par an","Un simple moyen de locomotion","Contre","Je connais mais je ne pratique pas","Oui dans toutes les conditions de circulation","Un peu","Oui","Égal","6","Vous distraire (jeux, lecture, discussions, films);Travailler (vos dossiers en cours, vos papiers, vos courriels, vos appels etc.);Vous suivrez la circulation","2","1","7","4","5","7","2","2","2","Non","Peut-être","","",""
"2020/03/10 12:13:39 PM UTC+2","Etudiant, lycéen","Masculin","2001-10-18","Non","Non","En milieu urbain","Bac (général, pro et technologique)","Quelques fois par an","Je n'ai pas de voiture","Pour","Je connais mais je ne pratique pas","Oui mais dans certaines conditions (parking, embouteillages)","Un peu","Oui","10 fois inférieur","1","Vous suivrez la circulation","1","4","7","7","1","7","1","1","1","Oui","Peut-être","","",""
"2020/03/10 12:24:58 PM UTC+2","Etudiant, lycéen","Féminin","1994-07-12","Non","Oui","En milieu urbain","Bac+5 (Master, écoles d'ingé, écoles d'arts...)","Quelques fois par mois","Un bien précieux","Pour","Je connais mais je ne pratique pas","Oui mais dans certaines conditions (parking, embouteillages)","Un peu","Non","5 fois inférieur","5","Vous distraire (jeux, lecture, discussions, films);Vous relaxer (vous reposer ou dormir);Vous suivrez la circulation","6","6","7","6","2","7","1","1","1","Non","Peut-être","","",""
"2020/03/10 12:48:52 PM UTC+2","Employé","Féminin","1997-03-09","Non","Oui","En milieu urbain","Bac+3/4 (Licence, Maîtrise)","Jamais","Un bien précieux","Contre","Je connais mais je ne pratique pas","Non","Un peu","Oui","10 fois inférieur","1","Vous distraire (jeux, lecture, discussions, films);Travailler (vos dossiers en cours, vos papiers, vos courriels, vos appels etc.);Vous relaxer (vous reposer ou dormir);Vous suivrez la circulation;Je ne sais pas","4","2","7","7","7","7","7","7","7","Oui","Oui","","",""
"2020/03/10 12:49:56 PM UTC+2","Profession intermédiaire","Féminin","1962-10-28","Oui","Oui","En milieu urbain","Bac+3/4 (Licence, Maîtrise)","Quelques fois par an","Je n'ai pas de voiture","Contre","Je connais mais je ne pratique pas","Non","Un peu","Oui","10 fois inférieur","2","Vous distraire (jeux, lecture, discussions, films);Travailler (vos dossiers en cours, vos papiers, vos courriels, vos appels etc.)","2","1","7","6","6","6","6","6","2","Non","Non","","",""
"2020/03/10 12:59:04 PM UTC+2","Retraité","Masculin","1954-06-02","Oui","Oui","En milieu urbain","Bac+7 etc (Doctorat, post-doc, thèse)","Quelques fois par an","Un objet avec une valeur sentimentale","Contre","Je connais mais je ne pratique pas","Oui mais dans certaines conditions (parking, embouteillages)","Un peu","Non","10 fois inférieur","5","Vous suivrez la circulation","6","7","7","5","6","6","4","6","6","Oui","Peut-être","","",""
"2020/03/10 1:00:58 PM UTC+2","Etudiant, lycéen","Féminin","1999-04-15","Non","Oui","En milieu urbain","Sans diplôme","Jamais","Un simple moyen de locomotion","Contre","Je connais mais je ne pratique pas","Oui mais dans certaines conditions (parking, embouteillages)","Jamais","Oui","10 fois inférieur","1","Je ne sais pas","7","1","7","7","4","6","1","7","6","Non","Non","Stop les voitures, trop de pollution et vive le vélo","",""
"2020/03/10 1:20:00 PM UTC+2","Etudiant, lycéen","Féminin","2020-04-23","Non","Oui","En milieu urbain","Bac+3/4 (Licence, Maîtrise)","Jamais","Je n'ai pas de voiture","Contre","Je connais mais je ne pratique pas","Non","Jamais","Oui","10 fois inférieur","1","je sors de la voiture","1","1","7","7","4","2","1","1","1","Non","Non","","",""
"2020/03/10 1:41:10 PM UTC+2","Etudiant, lycéen","Masculin","1995-01-01","Non","Oui","En milieu urbain","Bac+5 (Master, écoles d'ingé, écoles d'arts...)","Jamais","Un objet avec une valeur sentimentale","Contre","Je connais mais je ne pratique pas","Oui mais dans certaines conditions (parking, embouteillages)","Un peu","Oui","10 fois inférieur","2","Vous distraire (jeux, lecture, discussions, films);Travailler (vos dossiers en cours, vos papiers, vos courriels, vos appels etc.);Vous relaxer (vous reposer ou dormir);Vous suivrez la circulation;Des choses pas très catholiques","4","2","7","7","4","4","5","7","1","Non","Non","","",""
"2020/03/10 1:53:57 PM UTC+2","Etudiant, lycéen","Masculin","1998-03-15","Non","Oui","En milieu urbain","Bac+5 (Master, écoles d'ingé, écoles d'arts...)","Quelques fois par an","Un simple moyen de locomotion","Pour","Je connais mais je ne pratique pas","Oui dans toutes les conditions de circulation","Un peu","Oui","10 fois inférieur","5","Vous suivrez la circulation","5","2","7","5","5","5","4","4","4","Non","Oui","","",""
"2020/03/10 2:07:20 PM UTC+2","Etudiant, lycéen","Masculin","1996-02-14","Non","Oui","En milieu urbain","Bac+5 (Master, écoles d'ingé, écoles d'arts...)","Jamais","Je n'ai pas de voiture","Contre","Je connais et je pratique","Oui mais dans certaines conditions (parking, embouteillages)","Jamais","Oui","10 fois inférieur","4","Vous suivrez la circulation","5","1","7","6","3","5","1","2","4","Non","Peut-être","","",""
"2020/03/10 2:09:08 PM UTC+2","Cadre ou profession intellectuelle supérieure","Masculin","1994-03-30","Non","Oui","En milieu urbain","Bac+5 (Master, écoles d'ingé, écoles d'arts...)","Quelques fois par mois","Je n'ai pas de voiture","Pour","Je connais mais je ne pratique pas","Oui mais dans certaines conditions (parking, embouteillages)","Un peu","Oui","5 fois inférieur","2","Je ne sais pas","6","7","7","6","5","4","3","3","1","Non","Non","","",""
"2020/03/10 2:17:32 PM UTC+2","Cadre ou profession intellectuelle supérieure","Masculin","2020-03-10","Non","Oui","En milieu périurbain","Bac+7 etc (Doctorat, post-doc, thèse)","Quelques fois par an","Un simple moyen de locomotion","Pour","Je connais mais je ne pratique pas","Oui dans toutes les conditions de circulation","Un peu","Oui","2 fois inférieur","6","Vous suivrez la circulation","6","2","7","7","1","5","5","5","1","Oui","Oui","","",""
"2020/03/10 2:18:06 PM UTC+2","Etudiant, lycéen","Féminin","1998-03-10","Non","Non","En milieu urbain","Bac+3/4 (Licence, Maîtrise)","Jamais","Je n'ai pas de voiture","Pour","J'en ai entendu parler, mais je ne sais pas ce que c'est","Oui mais dans certaines conditions (parking, embouteillages)","Jamais","Oui","10 fois inférieur","1","Vous suivrez la circulation;Je ne sais pas","1","2","7","7","7","7","7","7","4","Non","Peut-être","","",""
"2020/03/10 2:22:08 PM UTC+2","Employé","Masculin","1998-03-10","Non","Oui","En milieu périurbain","Bac+5 (Master, écoles d'ingé, écoles d'arts...)","Jamais","Un simple moyen de locomotion","Pour","Je connais mais je ne pratique pas","Oui dans toutes les conditions de circulation","Un peu","Non","2 fois inférieur","7","Vous distraire (jeux, lecture, discussions, films)","7","3","7","6","3","3","6","2","2","Oui","Oui","","",""
"2020/03/10 3:22:54 PM UTC+2","Etudiant, lycéen","Masculin","1997-10-14","Non","Oui","En milieu périurbain","Bac+3/4 (Licence, Maîtrise)","Jamais","Un bien précieux","Pour","Je connais mais je ne pratique pas","Oui mais dans certaines conditions (parking, embouteillages)","Un peu","Oui","Égal","5","Vous distraire (jeux, lecture, discussions, films);Travailler (vos dossiers en cours, vos papiers, vos courriels, vos appels etc.);Vous suivrez la circulation","3","2","7","5","7","7","3","5","3","Oui","Peut-être","","",""
"2020/03/10 3:48:55 PM UTC+2","Etudiant, lycéen","Masculin","2001-07-02","Non","Non","En milieu urbain","Bac (général, pro et technologique)","Quelques fois par an","Un objet avec une valeur sentimentale","Contre","Je connais et je pratique","Oui mais dans certaines conditions (parking, embouteillages)","Un peu","Oui","Égal","6","Vous suivrez la circulation","4","1","7","6","4","5","1","1","1","Non","Peut-être","","",""
"2020/03/10 4:00:54 PM UTC+2","Cadre ou profession intellectuelle supérieure","Féminin","1966-05-03","Oui","Oui","En campagne","Bac+5 (Master, écoles d'ingé, écoles d'arts...)","Jamais","Un simple moyen de locomotion","Pour","Je connais mais je ne pratique pas","Oui mais dans certaines conditions (parking, embouteillages)","Un peu","Oui","5 fois inférieur","6","Vous relaxer (vous reposer ou dormir);Vous suivrez la circulation","6","5","7","7","7","6","4","7","1","Oui","Oui","","",""
"2020/03/10 4:40:42 PM UTC+2","Profession libérale","Masculin","1975-03-10","Non","Oui","En milieu périurbain","Bac+7 etc (Doctorat, post-doc, thèse)","Quelques fois par mois","Un simple moyen de locomotion","Pour","Je connais et je pratique","Oui mais dans certaines conditions (parking, embouteillages)","Un peu","Oui","Légèrement supérieur","4","Travailler (vos dossiers en cours, vos papiers, vos courriels, vos appels etc.)","3","6","7","6","2","6","4","4","1","Oui","Oui","","",""
"2020/03/10 5:14:58 PM UTC+2","Employé","Féminin","1972-11-05","Oui","Oui","En milieu périurbain","Bac+3/4 (Licence, Maîtrise)","Jamais","Un simple moyen de locomotion","Contre","Je connais mais je ne pratique pas","Non","Un peu","Oui","10 fois inférieur","3","Je ne sais pas","5","4","7","7","2","6","2","2","2","Oui","Peut-être","","",""
"2020/03/10 5:48:40 PM UTC+2","Etudiant, lycéen","Féminin","1998-06-13","Non","Oui","En milieu urbain","Bac+5 (Master, écoles d'ingé, écoles d'arts...)","Quelques fois par an","Je n'ai pas de voiture","Contre","Je connais mais je ne pratique pas","Non","Jamais","Oui","2 fois inférieur","2","Je ne sais pas","1","1","7","7","7","4","5","7","1","Non","Non","","",""
"2020/03/10 5:53:39 PM UTC+2","Cadre ou profession intellectuelle supérieure","Masculin","1983-06-03","Oui","Oui","En milieu urbain","Bac+3/4 (Licence, Maîtrise)","Jamais","Un simple moyen de locomotion","Contre","Je connais mais je ne pratique pas","Oui mais dans certaines conditions (parking, embouteillages)","Un peu","Non","Égal","7","Vous suivrez la circulation","7","1","7","7","4","5","5","4","4","Non","Peut-être","","",""
"2020/03/10 6:16:54 PM UTC+2","Profession intermédiaire","Masculin","1991-03-15","Non","Oui","En milieu périurbain","Bac+5 (Master, écoles d'ingé, écoles d'arts...)","Quelques fois par an","Un simple moyen de locomotion","Pour","Je connais mais je ne pratique pas","Oui mais dans certaines conditions (parking, embouteillages)","Un peu","Oui","Égal","3","Vous suivrez la circulation","5","4","7","7","4","6","5","7","3","Non","Peut-être","","",""
"2020/03/10 7:34:02 PM UTC+2","Etudiant, lycéen","Masculin","1996-06-15","Non","Oui","En milieu urbain","Bac+5 (Master, écoles d'ingé, écoles d'arts...)","Jamais","Un polluant","Contre","Je connais mais je ne pratique pas","Non","Un peu","Non","Égal","1","Vous distraire (jeux, lecture, discussions, films);Travailler (vos dossiers en cours, vos papiers, vos courriels, vos appels etc.);Vous relaxer (vous reposer ou dormir)","7","4","5","7","1","6","2","4","3","Non","Peut-être","","",""
"2020/03/10 8:24:31 PM UTC+2","Profession intermédiaire","Féminin","1969-11-18","Oui","Oui","En campagne","Bac+5 (Master, écoles d'ingé, écoles d'arts...)","Jamais","Un simple moyen de locomotion","Contre","J'en ai entendu parler, mais je ne sais pas ce que c'est","Non","Un peu","Oui","10 fois inférieur","3","Vous suivrez la circulation","7","4","7","7","1","7","1","1","1","Oui","Peut-être","","",""
"2020/03/10 8:28:54 PM UTC+2","Profession intermédiaire","Masculin","1990-12-05","Non","Oui","En milieu périurbain","Bac+3/4 (Licence, Maîtrise)","Quelques fois par an","Un simple moyen de locomotion","Pour","Je connais mais je ne pratique pas","Oui mais dans certaines conditions (parking, embouteillages)","Souvent","Non","Légèrement supérieur","7","Vous distraire (jeux, lecture, discussions, films);Travailler (vos dossiers en cours, vos papiers, vos courriels, vos appels etc.);Vous relaxer (vous reposer ou dormir);Vous suivrez la circulation","7","4","7","7","3","6","2","3","2","Non","Peut-être","","",""
"2020/03/10 8:32:25 PM UTC+2","Etudiant, lycéen","Masculin","2004-06-27","Non","Non","En campagne","Brevet des collèges","Jamais","Je n'ai pas de voiture","Pour","Je connais mais je ne pratique pas","Oui dans toutes les conditions de circulation","Un peu","Non","2 fois inférieur","5","Vous distraire (jeux, lecture, discussions, films);Vous relaxer (vous reposer ou dormir);Vous suivrez la circulation","7","6","6","7","2","1","4","3","5","Oui","Oui","Bonne chance !","",""
"2020/03/10 8:45:27 PM UTC+2","Cadre ou profession intellectuelle supérieure","Masculin","1969-06-19","Oui","Oui","En campagne","Bac+3/4 (Licence, Maîtrise)","Jamais","Un simple moyen de locomotion","Contre","Je connais mais je ne pratique pas","Non","Un peu","Oui","Égal","7","Vous suivrez la circulation","7","7","7","7","7","5","4","7","1","Non","Non","","",""
"2020/03/10 8:59:31 PM UTC+2","Cadre ou profession intellectuelle supérieure","Masculin","1986-05-03","Non","Oui","En campagne","Bac+5 (Master, écoles d'ingé, écoles d'arts...)","Jamais","Un simple moyen de locomotion","Pour","J'en ai entendu parler, mais je ne sais pas ce que c'est","Oui mais dans certaines conditions (parking, embouteillages)","Un peu","Non","Égal","6","Vous distraire (jeux, lecture, discussions, films);Travailler (vos dossiers en cours, vos papiers, vos courriels, vos appels etc.)","6","3","7","7","2","3","2","7","1","Oui","Oui","Bon courage! ","",""
"2020/03/10 9:30:18 PM UTC+2","Agriculteur","Masculin","1999-03-14","Non","Oui","En milieu périurbain","Bac+5 (Master, écoles d'ingé, écoles d'arts...)","Jamais","Un simple moyen de locomotion","Contre","Je connais mais je ne pratique pas","Oui mais dans certaines conditions (parking, embouteillages)","Un peu","Oui","10 fois inférieur","5","Vous suivrez la circulation","2","1","7","7","5","6","5","7","6","Non","Peut-être","","",""
"2020/03/10 10:09:44 PM UTC+2","Ouvrier","Masculin","1963-05-14","Oui","Oui","En campagne","CAP/BEP (autres diplômes techniques)","Jamais","Un simple moyen de locomotion","Pour","Je connais mais je ne pratique pas","Oui dans toutes les conditions de circulation","Un peu","Non","Égal","7","Vous suivrez la circulation","7","4","7","7","4","6","4","4","1","Oui","Oui","pourquoi répondre ""un peu"" à la question 12 ?","",""
"2020/03/10 10:44:46 PM UTC+2","Cadre ou profession intellectuelle supérieure","Masculin","1992-07-05","Non","Oui","En milieu urbain","Bac+7 etc (Doctorat, post-doc, thèse)","Quelques fois par an","Je n'ai pas de voiture","Pour","Je connais et je pratique","Oui mais dans certaines conditions (parking, embouteillages)","Un peu","Non","Égal","7","Vous relaxer (vous reposer ou dormir);Vous suivrez la circulation","7","1","7","7","7","7","1","7","1","Oui","Oui","Catchoo?","",""
"2020/03/10 11:11:44 PM UTC+2","Etudiant, lycéen","Féminin","2001-01-23","Non","Oui","En milieu urbain","Bac (général, pro et technologique)","Quelques fois par an","Je n'ai pas de voiture","Contre","Je connais mais je ne pratique pas","Non","Un peu","Oui","10 fois inférieur","2","Vous suivrez la circulation","3","1","7","7","6","5","1","7","2","Oui","Non","Ce concept relève d'une sorte d'imaginaire qui se concrétise et pourtant je reste très opposée à ce mode de vie.","",""
"2020/03/10 11:22:02 PM UTC+2","Etudiant, lycéen","Féminin","2000-04-06","Non","Non","En milieu périurbain","Bac+2 (BTS ou autre)","Jamais","Je n'ai pas de voiture","Contre","Je connais mais je ne pratique pas","Non","Un peu","Oui","10 fois inférieur","2","Vous suivrez la circulation","2","1","1","1","2","1","3","3","3","Non","Non","","",""
"2020/03/10 11:47:34 PM UTC+2","Employé","Féminin","1980-09-21","Oui","Oui","En campagne","Bac+2 (BTS ou autre)","Quelques fois par an","Un simple moyen de locomotion","Pour","Je connais mais je ne pratique pas","Oui dans toutes les conditions de circulation","Un peu","Non","Égal","7","Vous distraire (jeux, lecture, discussions, films);Travailler (vos dossiers en cours, vos papiers, vos courriels, vos appels etc.)","7","7","7","7","1","4","7","7","1","Oui","Oui","","",""
"2020/03/11 12:05:34 AM UTC+2","Employé","Masculin","1959-09-02","Oui","Oui","En campagne","Bac+3/4 (Licence, Maîtrise)","Jamais","Un simple moyen de locomotion","Pour","J'en ai entendu parler, mais je ne sais pas ce que c'est","Oui mais dans certaines conditions (parking, embouteillages)","Un peu","Non","Égal","5","Vous suivrez la circulation","6","4","7","7","1","5","6","6","1","Oui","Oui","","",""
"2020/03/11 12:11:08 AM UTC+2","Etudiant, lycéen","Masculin","1997-08-16","Non","Oui","En milieu urbain","Bac+5 (Master, écoles d'ingé, écoles d'arts...)","Quelques fois par an","Un simple moyen de locomotion dans lequel je peux écouter de la musique","Contre","Je connais mais je ne pratique pas","Non","Un peu","Oui","10 fois inférieur","2","Vous relaxer (vous reposer ou dormir);Vous suivrez la circulation;Admirer les paysages / écouter de la musique","3","1","7","7","4","6","2","7","4","Non","Peut-être","","",""
"2020/03/11 10:24:03 AM UTC+2","Cadre ou profession intellectuelle supérieure","Féminin","1995-10-10","Non","Oui","En milieu périurbain","Bac+7 etc (Doctorat, post-doc, thèse)","Quelques fois par an","Je n'ai pas de voiture","Pour","Je connais et je pratique","Oui dans toutes les conditions de circulation","Un peu","Oui","2 fois inférieur","7","Vous distraire (jeux, lecture, discussions, films);Travailler (vos dossiers en cours, vos papiers, vos courriels, vos appels etc.);Vous relaxer (vous reposer ou dormir);Vous suivrez la circulation","7","7","7","7","1","7","3","3","1","Oui","Oui","","",""
"2020/03/11 10:41:57 AM UTC+2","Retraité","Masculin","1947-06-20","Oui","Oui","En milieu périurbain","Bac+5 (Master, écoles d'ingé, écoles d'arts...)","Quelques fois par an","Un simple moyen de locomotion","Pour","Je connais mais je ne pratique pas","Oui dans toutes les conditions de circulation","Souvent","Oui","5 fois inférieur","5","Je ne sais pas","5","1","7","7","1","5","4","4","1","Oui","Peut-être","","",""
"2020/03/11 11:36:06 AM UTC+2","Employé","Féminin","1971-09-17","Oui","Oui","En milieu périurbain","Bac (général, pro et technologique)","Quelques fois par an","Un bien précieux","Contre","Je connais mais je ne pratique pas","Oui mais dans certaines conditions (parking, embouteillages)","Un peu","Oui","Égal","3","Vous suivrez la circulation","2","1","1","2","3","4","5","6","7","Non","Peut-être","","",""
"2020/03/11 11:45:43 AM UTC+2","Cadre ou profession intellectuelle supérieure","Féminin","1996-10-31","Non","Oui","En milieu urbain","Bac+5 (Master, écoles d'ingé, écoles d'arts...)","Jamais","Un bien précieux","Contre","Je connais mais je ne pratique pas","Non","Un peu","Oui","10 fois inférieur","1","Je ne sais pas","1","1","6","7","2","5","4","3","1","Non","Non","","",""
"2020/03/11 1:47:42 PM UTC+2","Profession intermédiaire","Féminin","2020-03-16","Oui","Oui","En campagne","Bac+3/4 (Licence, Maîtrise)","Jamais","Un objet avec une valeur sentimentale","Contre","Je connais mais je ne pratique pas","Non","Un peu","Non","2 fois inférieur","2","Je ne sais pas","7","2","7","7","7","7","5","5","3","Oui","Peut-être","","",""
"2020/03/11 4:54:48 PM UTC+2","Employé","Féminin","1995-02-24","Non","Oui","En milieu urbain","Bac+2 (BTS ou autre)","Quelques fois par an","Un simple moyen de locomotion","Pour","Je connais mais je ne pratique pas","Oui dans toutes les conditions de circulation","Un peu","Oui","2 fois inférieur","5","Vous distraire (jeux, lecture, discussions, films);Vous relaxer (vous reposer ou dormir);Vous suivrez la circulation","4","3","6","7","2","5","4","3","1","Oui","Oui","Bon courage pour cette étude !","",""
"2020/03/11 4:55:46 PM UTC+2","Etudiant, lycéen","Masculin","1997-01-14","Non","Oui","En milieu urbain","Bac+5 (Master, écoles d'ingé, écoles d'arts...)","Jamais","Je n'ai pas de voiture","Pour","Je connais mais je ne pratique pas","Oui dans toutes les conditions de circulation","Un peu","Oui","Égal","6","Vous suivrez la circulation","6","2","6","7","3","5","7","1","1","Oui","Peut-être","","",""
"2020/03/11 5:12:02 PM UTC+2","Artisan","Masculin","1999-11-04","Non","Oui","En campagne","Bac (général, pro et technologique)","Quelques fois par an","Un simple moyen de locomotion","Pour","Je connais mais je ne pratique pas","Oui mais dans certaines conditions (parking, embouteillages)","Un peu","Oui","Égal","5","Vous suivrez la circulation","7","1","7","2","2","2","5","7","5","Oui","Oui","","",""
"2020/03/11 5:13:36 PM UTC+2","Etudiant, lycéen","Masculin","1999-10-03","Non","Non","En milieu urbain","Bac (général, pro et technologique)","Quelques fois par an","Un simple moyen de locomotion","Pour","Je connais mais je ne pratique pas","Oui dans toutes les conditions de circulation","Un peu","Oui","10 fois inférieur","6","Vous distraire (jeux, lecture, discussions, films);Vous relaxer (vous reposer ou dormir)","2","3","7","7","2","4","4","5","2","Oui","Oui","","",""
"2020/03/11 5:17:19 PM UTC+2","Etudiant, lycéen","Masculin","1998-05-28","Non","Oui","En milieu urbain","Bac+2 (BTS ou autre)","Quelques fois par an","Je n'ai pas de voiture","Pour","Je connais mais je ne pratique pas","Oui dans toutes les conditions de circulation","Un peu","Non","Égal","7","Vous distraire (jeux, lecture, discussions, films);Vous relaxer (vous reposer ou dormir);Vous suivrez la circulation","7","5","7","6","7","7","5","4","3","Oui","Oui","","",""
"2020/03/11 5:20:59 PM UTC+2","Cadre ou profession intellectuelle supérieure","Féminin","1994-12-19","Non","Oui","En milieu urbain","Bac+5 (Master, écoles d'ingé, écoles d'arts...)","Quelques fois par mois","Un bien précieux","Contre","Je connais mais je ne pratique pas","Oui mais dans certaines conditions (parking, embouteillages)","Un peu","Oui","2 fois inférieur","5","Vous suivrez la circulation","4","3","7","1","2","4","3","6","5","Oui","Peut-être","","",""
"2020/03/11 5:23:42 PM UTC+2","Etudiant, lycéen","Masculin","1998-11-20","Non","Non","En milieu urbain","Bac+2 (BTS ou autre)","Jamais","Un simple moyen de locomotion","Pour","Je connais mais je ne pratique pas","Oui mais dans certaines conditions (parking, embouteillages)","Jamais","Oui","Égal","4","Vous relaxer (vous reposer ou dormir);Vous suivrez la circulation","3","2","7","5","5","6","5","5","5","Oui","Peut-être","","",""
"2020/03/11 5:24:21 PM UTC+2","Etudiant, lycéen","Masculin","2000-07-13","Non","Oui","En milieu urbain","Bac (général, pro et technologique)","Jamais","Je n'ai pas de voiture","Pour","Je connais mais je ne pratique pas","Oui dans toutes les conditions de circulation","Un peu","Non","Égal","6","Vous distraire (jeux, lecture, discussions, films);Travailler (vos dossiers en cours, vos papiers, vos courriels, vos appels etc.);Vous suivrez la circulation","6","4","7","4","1","7","4","5","3","Oui","Oui","","",""
"2020/03/11 5:32:39 PM UTC+2","Etudiant, lycéen","Masculin","1993-01-13","Non","Oui","En milieu urbain","Bac+2 (BTS ou autre)","Jamais","Un simple moyen de locomotion","Pour","Je connais mais je ne pratique pas","Oui dans toutes les conditions de circulation","Un peu","Oui","10 fois inférieur","5","Vous distraire (jeux, lecture, discussions, films);Travailler (vos dossiers en cours, vos papiers, vos courriels, vos appels etc.);Vous relaxer (vous reposer ou dormir)","4","3","6","7","6","6","5","5","3","Oui","Oui","Bisous","",""
"2020/03/11 5:48:41 PM UTC+2","Autres","Masculin","1988-10-24","Oui","Oui","En milieu urbain","Bac+5 (Master, écoles d'ingé, écoles d'arts...)","Quelques fois par an","Un simple moyen de locomotion","Contre","Je connais mais je ne pratique pas","Oui mais dans certaines conditions (parking, embouteillages)","Un peu","Oui","10 fois inférieur","5","Vous distraire (jeux, lecture, discussions, films)","6","3","7","5","5","7","4","7","1","Non","Peut-être","","",""
"2020/03/11 5:52:32 PM UTC+2","Cadre ou profession intellectuelle supérieure","Masculin","1988-08-08","Non","Oui","En milieu urbain","Bac+5 (Master, écoles d'ingé, écoles d'arts...)","Jamais","Un simple moyen de locomotion","Pour","Je connais mais je ne pratique pas","Oui mais dans certaines conditions (parking, embouteillages)","Tout le temps","Oui","10 fois inférieur","1","Vous distraire (jeux, lecture, discussions, films);Travailler (vos dossiers en cours, vos papiers, vos courriels, vos appels etc.);Vous relaxer (vous reposer ou dormir);Vous suivrez la circulation","7","1","7","7","3","5","5","5","1","Oui","Oui","Sympa la question répondez ""un peu"" ! Sûrement pour tester notre côté rebelle et éclairer les autres réponses ?","",""
"2020/03/11 11:21:50 PM UTC+2","Etudiant, lycéen","Masculin","2001-06-25","Non","Oui","En milieu périurbain","Bac (général, pro et technologique)","Jamais","Je n'ai pas de voiture","Contre","J'en ai entendu parler, mais je ne sais pas ce que c'est","Non","Un peu","Non","10 fois inférieur","2","Vous suivrez la circulation;Je ne sais pas","4","1","7","7","1","4","1","1","1","Non","Non","","",""
"2020/03/12 3:11:33 AM UTC+2","Demandeur d’emploi","Masculin","1993-08-06","Non","Non","En milieu urbain","Bac+3/4 (Licence, Maîtrise)","Quelques fois par an","Je n'ai pas de voiture","Pour","Je connais et je pratique","Oui dans toutes les conditions de circulation","Un peu","Oui","Légèrement supérieur","7","Vous distraire (jeux, lecture, discussions, films);Travailler (vos dossiers en cours, vos papiers, vos courriels, vos appels etc.);Vous relaxer (vous reposer ou dormir)","5","7","7","5","1","6","7","7","1","Oui","Oui","","",""
"2020/03/12 9:10:53 AM UTC+2","Cadre ou profession intellectuelle supérieure","Masculin","1992-06-02","Oui","Oui","En milieu urbain","Bac+5 (Master, écoles d'ingé, écoles d'arts...)","Quelques fois par an","Elle reflète qui je suis","Pour","Je connais et je pratique","Oui mais dans certaines conditions (parking, embouteillages)","Un peu","Non","2 fois inférieur","6","Vous distraire (jeux, lecture, discussions, films);Travailler (vos dossiers en cours, vos papiers, vos courriels, vos appels etc.);Vous relaxer (vous reposer ou dormir)","2","1","7","6","5","2","3","4","1","Non","Peut-être","","",""
"2020/03/12 9:22:00 AM UTC+2","Cadre ou profession intellectuelle supérieure","Masculin","1959-07-13","Oui","Oui","En milieu périurbain","Bac+3/4 (Licence, Maîtrise)","Jamais","Un simple moyen de locomotion","Pour","Je connais mais je ne pratique pas","Oui mais dans certaines conditions (parking, embouteillages)","Souvent","Oui","Égal","4","Vous suivrez la circulation","3","3","7","4","5","6","5","5","4","Oui","Peut-être","","",""
"2020/03/12 9:45:48 AM UTC+2","Cadre ou profession intellectuelle supérieure","Féminin","1972-07-19","Oui","Oui","En milieu périurbain","Bac+2 (BTS ou autre)","Jamais","Un simple moyen de locomotion","Pour","Je connais mais je ne pratique pas","Oui mais dans certaines conditions (parking, embouteillages)","Un peu","Oui","5 fois inférieur","4","Vous suivrez la circulation","6","2","7","6","2","5","4","3","1","Non","Peut-être","Avant tous la priorité est plus d'avoir un véhicule non polluant et peu cher pour le démocratiser","",""
"2020/03/12 11:28:04 AM UTC+2","Cadre ou profession intellectuelle supérieure","Masculin","1991-08-05","Non","Oui","En campagne","Bac+5 (Master, écoles d'ingé, écoles d'arts...)","Jamais","Un objet avec une valeur sentimentale","Pour","Je connais mais je ne pratique pas","Oui dans toutes les conditions de circulation","Un peu","Oui","10 fois inférieur","5","Vous distraire (jeux, lecture, discussions, films);Travailler (vos dossiers en cours, vos papiers, vos courriels, vos appels etc.);Vous relaxer (vous reposer ou dormir);Vous suivrez la circulation","3","1","7","5","4","7","6","7","1","Oui","Oui","","",""
"2020/03/12 12:33:08 PM UTC+2","Etudiant, lycéen","Féminin","1997-07-18","Non","Oui","En milieu urbain","Bac+5 (Master, écoles d'ingé, écoles d'arts...)","Jamais","Un simple moyen de locomotion","Contre","Je connais mais je ne pratique pas","Non","Un peu","Oui","10 fois inférieur","1","Je ne sais pas","1","1","7","7","1","7","1","7","1","Non","Non","","",""
"2020/03/12 1:55:55 PM UTC+2","Profession libérale","Féminin","1969-12-16","Oui","Oui","En campagne","Bac+5 (Master, écoles d'ingé, écoles d'arts...)","Tous les jours","Un simple moyen de locomotion","Contre","Je connais et je pratique","Oui mais dans certaines conditions (parking, embouteillages)","Jamais","Oui","10 fois inférieur","5","Je ne sais pas","5","1","7","7","4","6","3","6","1","Non","Peut-être","","",""
"2020/03/12 10:09:34 PM UTC+2","Cadre ou profession intellectuelle supérieure","Masculin","1963-02-04","Oui","Oui","En campagne","Bac+2 (BTS ou autre)","Jamais","Un simple moyen de locomotion","Contre","Je connais mais je ne pratique pas","Oui dans toutes les conditions de circulation","Un peu","Oui","10 fois inférieur","7","Vous suivrez la circulation","7","4","7","7","1","6","6","6","1","Non","Peut-être","","",""
"2020/03/13 7:34:02 AM UTC+2","Etudiant, lycéen","Masculin","1999-10-09","Non","Oui","En milieu urbain","Bac+3/4 (Licence, Maîtrise)","Jamais","Un objet avec une valeur sentimentale","Pour","Je connais et je pratique","Oui mais dans certaines conditions (parking, embouteillages)","Un peu","Non","5 fois inférieur","4","Vous suivrez la circulation","6","3","1","3","4","2","5","6","7","Non","Oui","","",""
"2020/03/13 12:29:08 PM UTC+2","Etudiant, lycéen","Féminin","1995-10-01","Non","Non","En milieu urbain","Bac+5 (Master, écoles d'ingé, écoles d'arts...)","Jamais","Je n'ai pas de voiture","Contre","Je connais mais je ne pratique pas","Non","Un peu","Oui","Égal","2","Je ne sais pas","6","4","3","1","6","2","4","5","7","Non","Non","Pour la question avec le classement (tous types de voiture), je ne comprends pas certaines propositions (ex : statut social)","",""
"2020/03/13 1:44:14 PM UTC+2","Cadre ou profession intellectuelle supérieure","Masculin","1968-03-04","Oui","Oui","En campagne","Bac+3/4 (Licence, Maîtrise)","Jamais","Un objet avec une valeur sentimentale","Pour","Je connais et je pratique","Oui dans toutes les conditions de circulation","Un peu","Oui","2 fois inférieur","7","Vous distraire (jeux, lecture, discussions, films);Travailler (vos dossiers en cours, vos papiers, vos courriels, vos appels etc.);Vous relaxer (vous reposer ou dormir)","4","1","6","7","4","4","3","5","2","Oui","Peut-être","Salut Maxime, bonne continuation.
Mais oui l'ia bien appliquée fait mieux que nous.
Par contre elle ne fait pas tout.
Cogito ergo machina sum ?

David","",""
"2020/03/13 2:25:36 PM UTC+2","Profession intermédiaire","Féminin","1974-01-05","Oui","Oui","En campagne","Bac+3/4 (Licence, Maîtrise)","Jamais","Un simple moyen de locomotion","Contre","Je connais mais je ne pratique pas","Oui mais dans certaines conditions (parking, embouteillages)","Un peu","Oui","Égal","5","Vous distraire (jeux, lecture, discussions, films)","5","3","7","7","5","5","7","4","3","Non","Peut-être","","",""
"2020/03/13 3:04:58 PM UTC+2","Etudiant, lycéen","Masculin","1995-07-15","Non","Oui","En milieu périurbain","Bac+5 (Master, écoles d'ingé, écoles d'arts...)","Jamais","Un simple moyen de locomotion","Contre","Je connais et je pratique","Non","Un peu","Oui","Égal","1","Je penserai au désastre écologique que ça engendre","7","1","6","7","1","2","1","1","1","Non","Non","Renseigne-toi sur la situation dans laquelle nous sommes concernant les enjeux énergétiques et environnementaux. Tu verras que le coût énergétique et les émissions de CO2 supplémentaires engendrés par la voiture autonome seront inconcevables dans quelques décennies.","",""
"2020/03/14 2:12:28 PM UTC+2","Autres","Féminin","1961-08-30","Oui","Oui","En campagne","Bac+3/4 (Licence, Maîtrise)","Jamais","Liberté","Contre","Jamais entendu parler","Non","Un peu","Oui","5 fois inférieur","1","Vous distraire (jeux, lecture, discussions, films);Vous suivrez la circulation","7","2","7","2","7","4","7","7","1","Non","Non","","",""
"2020/03/14 5:01:47 PM UTC+2","Retraité","Masculin","1958-08-24","Oui","Oui","En campagne","Bac (général, pro et technologique)","Jamais","Un simple moyen de locomotion","Contre","Je connais mais je ne pratique pas","Oui mais dans certaines conditions (parking, embouteillages)","Un peu","Oui","Égal","7","Vous distraire (jeux, lecture, discussions, films);Vous relaxer (vous reposer ou dormir)","7","1","7","7","3","4","2","3","1","Oui","Peut-être","","",""
"2020/03/14 9:37:18 PM UTC+2","Etudiant, lycéen","Féminin","2020-02-04","Non","Oui","En campagne","Bac (général, pro et technologique)","Jamais","Un objet avec une valeur sentimentale","Contre","J'en ai entendu parler, mais je ne sais pas ce que c'est","Oui mais dans certaines conditions (parking, embouteillages)","Un peu","Oui","5 fois inférieur","2","Vous suivrez la circulation","7","1","6","7","4","5","2","3","1","Non","Non","","",""
"2020/03/14 10:27:43 PM UTC+2","Cadre ou profession intellectuelle supérieure","Féminin","1981-01-13","Oui","Oui","En campagne","Bac+3/4 (Licence, Maîtrise)","Quelques fois par an","Un simple moyen de locomotion","Pour","Je connais et je pratique","Oui mais dans certaines conditions (parking, embouteillages)","Un peu","Oui","Égal","5","Vous suivrez la circulation","7","5","7","6","5","6","2","4","1","Oui","Oui","","",""
"2020/03/15 8:47:09 AM UTC+2","Cadre ou profession intellectuelle supérieure","Féminin","1989-10-26","Oui","Oui","En milieu périurbain","Bac+5 (Master, écoles d'ingé, écoles d'arts...)","Jamais","Un simple moyen de locomotion","Pour","Je connais mais je ne pratique pas","Oui dans toutes les conditions de circulation","Tout le temps","Non","Égal","5","Vous distraire (jeux, lecture, discussions, films);Travailler (vos dossiers en cours, vos papiers, vos courriels, vos appels etc.);Vous relaxer (vous reposer ou dormir);Vous suivrez la circulation","5","3","7","7","5","6","5","6","5","Oui","Oui","","",""
"2020/03/16 12:27:24 PM UTC+2","Etudiant, lycéen","Féminin","2000-07-09","Non","Non","En campagne","Bac+3/4 (Licence, Maîtrise)","Jamais","Je n'ai pas de voiture","Contre","J'en ai entendu parler, mais je ne sais pas ce que c'est","Oui mais dans certaines conditions (parking, embouteillages)","Un peu","Oui","2 fois inférieur","1","Vous relaxer (vous reposer ou dormir);Vous suivrez la circulation","2","1","7","6","1","4","3","5","2","Non","Peut-être","","",""
"2020/03/16 4:12:26 PM UTC+2","Etudiant, lycéen","Féminin","1996-07-25","Non","Oui","En campagne","Bac+5 (Master, écoles d'ingé, écoles d'arts...)","Une fois par semaine","Un simple moyen de locomotion","Contre","Je connais mais je ne pratique pas","Oui dans toutes les conditions de circulation","Un peu","Oui","Égal","1","je ne souhaite pas utiliser ces voitures même si elles sont très fiable","7","7","7","7","1","7","7","4","1","Non","Non","C'est encore une fois ici le dilème entre sécurité et liberté. On obtient plus de sécurité car il est vrai que les voitures autonomes c'est ouf pour ça. Elles n'ont presque plus d'accidents. Mais on se refuse une grande liberté. En effet, on ne sera plus conduire donc si les voitures autonomes tombent en panne bah on la dans le *** car on doit attendre de les réparer et on ne peut rien conduire d'autres. De plus, on doit rentrer dans le GPS où l'on souhaite allé, donc quelqu'un peu s'il le souhaite stocker ces données et les vendre (beaucoup de site le font déjà, pas besoin d'en rajouter une). Enfin, si c'est bien un GPS et bien la personne qui chaperonne peut si elle le souhaite interdire certains itinéraire ou interdire certains lieu.

Je refuserai toujours les voitures autonomes car elle entrainent une trop grande perte de liberté.

Bonne chance bon ton mémoire ! c'est la galère souvent ces enquêtes x)","",""
"2020/03/16 9:52:49 PM UTC+2","Employé","Féminin","1963-03-07","Oui","Oui","En milieu urbain","Bac (général, pro et technologique)","Jamais","Un simple moyen de locomotion","Contre","J'en ai entendu parler, mais je ne sais pas ce que c'est","Non","Un peu","Oui","10 fois inférieur","5","Vous distraire (jeux, lecture, discussions, films);Vous suivrez la circulation","5","7","7","5","1","6","7","5","5","Non","Peut-être","","",""
"2020/03/17 11:25:59 AM UTC+2","Employé","Féminin","1992-08-20","Non","Oui","En campagne","Bac+2 (BTS ou autre)","Quelques fois par an","Un bien précieux","Pour","Je connais mais je ne pratique pas","Oui mais dans certaines conditions (parking, embouteillages)","Souvent","Oui","5 fois inférieur","5","Vous distraire (jeux, lecture, discussions, films);Vous suivrez la circulation;Je ne sais pas","2","5","7","5","5","6","6","5","4","Oui","Peut-être","","",""
"2020/03/17 12:39:18 PM UTC+2","Cadre ou profession intellectuelle supérieure","Féminin","1991-07-14","Non","Oui","En milieu urbain","Bac+3/4 (Licence, Maîtrise)","Quelques fois par an","Un simple moyen de locomotion","Pour","Je connais mais je ne pratique pas","Oui dans toutes les conditions de circulation","Souvent","Oui","Égal","7","Vous distraire (jeux, lecture, discussions, films);Travailler (vos dossiers en cours, vos papiers, vos courriels, vos appels etc.);Vous relaxer (vous reposer ou dormir)","6","6","7","7","7","6","3","6","1","Oui","Oui","","",""
"2020/03/17 6:40:20 PM UTC+2","Employé","Féminin","1963-08-06","Oui","Oui","En campagne","Bac+2 (BTS ou autre)","Quelques fois par an","Un simple moyen de locomotion","Contre","Je connais mais je ne pratique pas","Oui mais dans certaines conditions (parking, embouteillages)","Un peu","Oui","Légèrement supérieur","2","Vous suivrez la circulation","2","2","7","7","4","7","4","4","3","Non","Peut-être","","",""
"2020/03/18 8:32:43 PM UTC+2","Etudiant, lycéen","Masculin","2000-04-19","Non","Oui","En milieu périurbain","Bac+2 (BTS ou autre)","Jamais","Je n'ai pas de voiture","Pour","Je connais mais je ne pratique pas","Oui mais dans certaines conditions (parking, embouteillages)","Un peu","Oui","2 fois inférieur","6","Vous suivrez la circulation","7","4","7","7","2","6","6","3","1","Oui","Peut-être","","",""
"2020/03/21 10:32:36 PM UTC+2","Employé","Féminin","1995-02-22","Non","Oui","En milieu urbain","Bac+5 (Master, écoles d'ingé, écoles d'arts...)","Quelques fois par mois","Je n'ai pas de voiture","Pour","Je connais mais je ne pratique pas","Oui dans toutes les conditions de circulation","Un peu","Oui","10 fois inférieur","2","Vous distraire (jeux, lecture, discussions, films);Travailler (vos dossiers en cours, vos papiers, vos courriels, vos appels etc.);Vous relaxer (vous reposer ou dormir);Vous suivrez la circulation;Je ne sais pas","5","4","7","4","1","5","3","6","2","Non","Peut-être","","",""
"2020/03/24 10:28:57 AM UTC+2","Demandeur d’emploi","Masculin","1978-07-01","Oui","Oui","En milieu urbain","Bac+3/4 (Licence, Maîtrise)","Quelques fois par an","Un simple moyen de locomotion","Pour","Je connais mais je ne pratique pas","Oui mais dans certaines conditions (parking, embouteillages)","Un peu","Oui","5 fois inférieur","5","Je ne sais pas","7","1","7","4","2","7","2","5","2","Non","Oui","","",""
"2020/04/01 1:39:41 PM UTC+2","Cadre ou profession intellectuelle supérieure","Masculin","1996-02-07","Non","Oui","En milieu urbain","Bac+5 (Master, écoles d'ingé, écoles d'arts...)","Quelques fois par an","Un simple moyen de locomotion","Pour","Je connais et je pratique","Oui mais dans certaines conditions (parking, embouteillages)","Un peu","Oui","2 fois inférieur","5","Vous relaxer (vous reposer ou dormir)","5","3","7","7","4","6","3","2","1","Oui","Peut-être","","",""
"2020/04/02 8:46:17 PM UTC+2","Cadre ou profession intellectuelle supérieure","Masculin","2020-04-02","Oui","Oui","En milieu urbain","Bac+5 (Master, écoles d'ingé, écoles d'arts...)","Jamais","Un simple moyen de locomotion","Pour","Je connais mais je ne pratique pas","Oui dans toutes les conditions de circulation","Un peu","Non","10 fois inférieur","5","Vous relaxer (vous reposer ou dormir);Vous suivrez la circulation","2","3","7","7","4","7","3","5","1","Oui","Oui","Ma date de naissance: 1974","",""
"2020/04/03 11:20:44 PM UTC+2","Cadre ou profession intellectuelle supérieure","Féminin","1995-10-02","Non","Oui","En milieu urbain","Bac+5 (Master, écoles d'ingé, écoles d'arts...)","Quelques fois par mois","Un objet avec une valeur sentimentale","Contre","Je connais mais je ne pratique pas","Oui mais dans certaines conditions (parking, embouteillages)","Un peu","Oui","Égal","4","Vous distraire (jeux, lecture, discussions, films);Travailler (vos dossiers en cours, vos papiers, vos courriels, vos appels etc.);Vous relaxer (vous reposer ou dormir)","2","1","7","4","6","5","5","7","1","Non","Peut-être","","",""
"2020/04/06 7:02:47 PM UTC+2","Chef d’entreprise","Masculin","1980-02-22","Oui","Oui","En milieu périurbain","Bac+3/4 (Licence, Maîtrise)","Quelques fois par an","Un bien précieux","Pour","Je connais et je pratique","Oui dans toutes les conditions de circulation","Un peu","Non","Égal","6","Vous suivrez la circulation","4","1","4","3","4","2","2","2","2","Oui","Oui","","",""
"2020/04/23 8:33:16 AM UTC+2","Cadre ou profession intellectuelle supérieure","Féminin","1973-10-07","Oui","Oui","En milieu urbain","Bac+5 (Master, écoles d'ingé, écoles d'arts...)","Quelques fois par an","Un simple moyen de locomotion","Pour","Je connais mais je ne pratique pas","Oui dans toutes les conditions de circulation","Un peu","Oui","10 fois inférieur","7","Vous distraire (jeux, lecture, discussions, films);Travailler (vos dossiers en cours, vos papiers, vos courriels, vos appels etc.);Vous relaxer (vous reposer ou dormir);Vous suivrez la circulation","2","7","7","7","1","6","6","6","3","Oui","Oui","","",""
"2020/04/23 10:08:11 AM UTC+2","Etudiant, lycéen","Féminin","1997-05-16","Non","Oui","En milieu urbain","Bac+5 (Master, écoles d'ingé, écoles d'arts...)","Jamais","Un bien précieux","Contre","Je connais et je pratique","Non","Un peu","Oui","Égal","3","Vous suivrez la circulation","2","2","7","5","3","6","2","4","1","Non","Non","","",""